location,pollster,grade,score,N,ADJpoint_est_error,ADJmargin_error_favor_trump,ADJabs_margin_error,ADJrightcall,ADJerror,point_est_error,margin_error_favor_trump,margin_poll,margin_actual,abs_margin_error,bias,Mpoint_est_error,Mmargin_error_favor_trump,Mabs_margin_error,rightcall,RADJpoint_est_error,RADJmargin_error_favor_trump,RADJabs_margin_error,RADJerror,Rpoint_est_error,Rmargin_error_favor_trump,Rabs_margin_error,Rbias,RADJrightcall,Rrightcall,Overall_Rank,ROverall_Rank
"MI","Trafalgar Group","C-",11,1,-3.24475,6.477501,-3.665502,.925,-3.6655,.7399998,1.48,-1.7,-.22,1.48,-1.48,3.98475,-4.997501,5.145501,1,2,305,19,19,7,263,46,175,1,1,7.333333,1
"PA","Trafalgar Group","C-",11,1,-2.785515,5.715864,-3.468272,.9137931,-3.486896,.6050014,1.210003,-1.92,-.72,1.210003,-1.2,3.390516,-4.505861,4.678275,1,8,298,21,21,4,257,35,187,2,1,10.33333,2
"NC","Trafalgar Group","C-",11,1,-2.143271,6.713463,-4.451159,.7884616,-4.451154,1.355,1.309998,-4.97,-3.66,1.309998,-1.31,3.49827,-5.403465,5.761157,1,21,307,9,9,23,258,38,185,3,1,11,3
"NC","Remington Research Group","C-",11,3,-1.49827,4.410128,-4.76782,.7884616,-4.76782,2,-.993337,-2.666667,-3.66,.993337,.9933333,3.49827,-5.403465,5.761157,1,55,286,8,8,46,218,30,275,3,1,22,4
"AK","SurveyMonkey","D-",14,2,-2.085,7.5,-6.138,.2,-6.138,3.889999,-2.23,-12.5,-14.73,4.5,2.23,5.974999,-9.73,10.638,1,23,309,5,5,170,191,159,327,41,1,23,5
"PA","Harper Polling","B/C",8,1,-1.575518,3.795862,-3.968276,.4137931,-3.966896,1.814999,-.7099991,0,-.72,.7099991,.72,3.390516,-4.505861,4.678275,.5,49,277,16,16,32,223,19,261,12,232,25.66667,6
"NV","Public Policy Polling","B",5,1,-2.556189,-2.447619,-2.365711,.3809524,-2.365714,.2900009,-.5800018,3,2.42,.5800018,.58,2.84619,1.867617,2.945713,1,16,66,53,53,1,225,16,256,13,1,27.33333,7
"OH","Gravis Marketing","C",9,1,-1.68861,3.995,-3.995,.2777778,-3.995,2.275002,-2.07,-6,-8.07,2.07,2.07,3.963612,-6.065,6.065,1,42,280,15,15,61,196,75,318,26,1,27.66667,8
"NC","SurveyUSA","A",1,1,-1.828272,8.743462,-2.421161,.7884616,-2.421154,1.669998,3.339996,-7,-3.66,3.339996,-3.34,3.49827,-5.403465,5.761157,1,32,315,51,51,28,288,115,110,3,1,28.66667,9
"OH","Trafalgar Group","C-",11,1,-2.123612,2.385,-2.385,.2777778,-2.385,1.84,-3.68,-4.39,-8.07,3.68,3.68,3.963612,-6.065,6.065,1,22,245,52,52,36,162,125,381,26,1,33.33333,10
"US","CVOTER","B/C",8,3,-2.790001,1.335641,-1.98077,.1217949,-1.980769,.9266663,-.2266668,2.316667,2.09,.8866653,.2266667,3.716667,-1.562308,2.867436,1,7,219,65,65,12,230,26,245,48,1,40,11
"VA","Public Policy Polling","B",5,1,-3.03,1.105263,-2.848421,.0526316,-2.848421,.3400002,-.1800003,5.5,5.32,.1800003,.18,3.37,-1.285263,3.028421,1,4,211,36,36,2,231,4,243,88,1,42.66667,12
"KY","Cygnal","A/B",4,1,-3.328,3.92,-3.92,0,-3.92,3.6,-5.84,-24,-29.84,5.84,5.84,6.928,-9.76,9.76,1,1,279,17,17,153,101,210,479,113,1,43.66667,13
"MI","Strategic National","B/C",8,2,-1.094751,4.2775,-4.4255,.175,-4.4255,2.889999,-.7200012,.5,-.22,.7200012,.72,3.98475,-4.997501,5.145501,.25,77,284,10,10,105,222,21,261,44,242,43.66667,13
"MO","Clarity Campaign Labs","B/C",8,1,-2.759231,5.384615,-5.384615,0,-5.384616,1.255001,-2.510002,-16,-18.51,2.510002,2.51,4.014232,-7.894618,7.894618,1,11,295,7,7,19,185,92,336,113,1,43.66667,13
"US","RKM Research and Communications Inc.","A-",3,1,-2.741667,.4523108,-1.757439,.1217949,-1.757436,.9750004,-1.109997,3.2,2.09,1.109997,1.11,3.716667,-1.562308,2.867436,1,12,191,72,72,14,214,33,281,48,1,44,16
"SD","SurveyMonkey","D-",14,2,-2.428,7.7,-7.7,0,-7.700001,5.514999,-6.289999,-23.5,-29.79,6.289999,6.29,7.942999,-13.99,13.99,1,17,311,3,3,260,92,218,491,113,1,44.33333,17
"UT","YouGov","B",5,1,-1.907917,8.614166,-9.000834,0,-8.999166,4.61,-.8799992,-17,-17.89,.8799992,.89,6.517916,-9.494165,9.880833,1,30,314,2,2,213,221,25,267,113,1,48.33333,18
"CO","Public Policy Polling","B",5,1,-3.176875,-1.7225,-2.66125,.03125,-2.66125,.7950001,-.0900002,5,4.91,.0900002,.09,3.971875,1.6325,2.75125,1,3,93,45,45,9,236,1,237,100,1,49.33333,19
"VA","ABC News/The Washington Post","A+",2,1,-2.78,.6052631,-2.348421,.0526316,-2.348421,.5900002,-.6800003,6,5.32,.6800003,.68,3.37,-1.285263,3.028421,1,9,197,54,54,3,224,18,259,88,1,50.33333,20
"AZ","Emerson College","A-",3,1,-1.467058,2,-2,.2058824,-2,1.330002,.5,-4,-3.5,.5,-.5,2.79706,-1.5,2.5,1,59,236,62,62,21,245,14,219,33,1,51.33333,21
"OK","SoonerPoll.com","B/C",8,1,-2,3.999999,-3.999999,0,-4,3.195001,-6.390001,-30,-36.39,6.390001,6.39,5.195,-10.39,10.39,1,28,281,14,14,117,91,219,493,113,1,51.66667,22
"OH","Quinnipiac University","B+",6,1,-1.18861,1.995,-1.995,.2777778,-1.995,2.775002,-4.07,-4,-8.07,4.07,4.07,3.963612,-6.065,6.065,1,71,234,63,64,97,153,139,395,26,1,53.33333,23
"KS","Fort Hays State University","C/D",12,1,-1.939999,9.25,-3.879997,0,-3.88,1.790001,3.580002,-24,-20.42,3.580002,-3.58,3.73,-5.669998,7.459999,1,29,316,18,18,31,291,123,102,113,1,53.33333,23
"NH","Monmouth University","A+",2,1,-1.318333,.2880955,-1.551907,.2857143,-1.551905,2.645,-3.629997,4,.37,3.629997,3.63,3.963333,-3.918093,5.181904,1,64,187,78,79,87,164,124,379,18,1,53.33333,23
"KY","SurveyMonkey","D-",14,2,-2.668,2.92,-2.92,0,-2.92,4.26,-6.84,-23,-29.84,6.84,6.84,6.928,-9.76,9.76,1,15,258,34,34,194,77,233,510,113,1,54,26
"FL","Trafalgar Group","C-",11,2,-1.605554,5.097222,-1.095553,.7361111,-1.095556,1.267501,2.535002,-3.725,-1.19,2.535002,-2.535,2.873055,-2.562221,3.630555,1,48,293,109,109,20,281,93,134,6,1,54.33333,27
"US","ABC News/The Washington Post","A+",2,4,-2.791667,.0273077,-1.037436,.1217949,-1.037436,.9250002,-1.535,3.625,2.09,1.83,1.535,3.716667,-1.562308,2.867436,1,6,179,110,110,11,206,62,294,48,1,54.66667,28
"AR","Hendrix College","B/C",8,1,-1.85,3.425,-3.425,0,-3.425,2.860001,-3.419998,-23.5,-26.92,3.419998,3.42,4.710001,-6.844998,6.844998,1,31,272,23,23,101,168,118,371,113,1,55.66667,29
"UT","Trafalgar Group","C-",11,1,-2.792917,2.044167,-2.430834,0,-2.429167,3.724999,-7.449999,-10.43,-17.89,7.449999,7.46,6.517916,-9.494165,9.880833,1,5,239,50,50,161,63,250,529,113,1,56,30
"FL","Remington Research Group","C-",11,3,-1.034722,3.705555,-1.693888,.5694444,-1.693889,1.838333,1.143335,-2.333333,-1.19,1.936667,-1.143333,2.873055,-2.562221,3.630555,.8333333,82,276,76,76,35,254,70,189,11,225,56.33333,31
"ME","Emerson College","A-",3,1,-1.667999,4.2,-4.2,0,-4.2,2.35,-1.039997,4,2.96,1.039997,1.04,4.018,-5.239997,5.239997,1,44,282,13,13,67,217,31,276,113,1,56.66667,32
"US","Fox News/Beacon Research/Shaw & Co. Research","A-",3,3,-1.825,.4856411,-1.397436,.1217949,-1.397436,1.891667,-1.076666,3.166667,2.09,1.47,1.076667,3.716667,-1.562308,2.867436,1,33,192,89,89,39,216,45,277,48,1,56.66667,32
"LA","Mason-Dixon Polling & Strategy","B+",6,1,-1.507143,7.714286,-7.097142,0,-7.097143,4.27,.3600006,-20,-19.64,.3600006,-.36,5.777143,-7.354285,7.457142,1,54,312,4,4,195,243,11,222,113,1,57,34
"US","YouGov","B",5,3,-2.075,-.0143589,-1.290769,.1217949,-1.290769,1.641667,-1.576666,3.666667,2.09,1.576666,1.576667,3.716667,-1.562308,2.867436,1,24,160,100,100,25,205,54,297,48,1,57.33333,35
"MO","Monmouth University","A+",2,1,-1.759231,3.384615,-3.384615,0,-3.384615,2.255001,-4.510002,-14,-18.51,4.510002,4.51,4.014232,-7.894618,7.894618,1,36,270,24,24,59,137,162,424,113,1,57.66667,36
"MO","BK Strategies","B/C",8,1,-1.759231,3.384615,-3.384615,0,-3.384615,2.255001,-4.510002,-14,-18.51,4.510002,4.51,4.014232,-7.894618,7.894618,1,36,270,24,24,59,137,162,424,113,1,57.66667,36
"AZ","Insights West","B/C",8,1,-2.04706,0,-1,.2058824,-1,.75,-1.5,-2,-3.5,1.5,1.5,2.79706,-1.5,2.5,1,26,161,114,113,8,208,47,289,33,1,57.66667,36
"VA","Emerson College","A-",3,1,-2.71,2.605263,-1.708421,.0526316,-1.708421,.6599998,1.32,4,5.32,1.32,-1.32,3.37,-1.285263,3.028421,1,14,248,74,74,5,259,39,184,88,1,58.66667,39
"NV","Emerson College","A-",3,2,-.6861908,-1.047619,-2.125715,.3809524,-2.125714,2.159999,.8199978,1.6,2.42,.8199978,-.82,2.84619,1.867617,2.945713,1,106,116,58,58,51,250,23,201,13,1,59,40
"ID","Emerson College","A-",3,1,-1.316,9.8,-9.8,0,-9.8,5.865,-2.77,-29,-31.76,2.77,2.76,7.181,-12.57,12.57,1,65,318,1,1,269,176,100,350,113,1,59.66667,41
"US","Insights West","B/C",8,1,-2.761667,-.3476923,-.9574358,.1217949,-.957436,.9549999,-1.91,4,2.09,1.91,1.91,3.716667,-1.562308,2.867436,1,10,143,123,123,13,198,64,309,48,1,60.33333,42
"US","Angus Reid Global","B+",6,1,-2.741667,-.3476923,-.9574358,.1217949,-.957436,.9750004,-1.91,4,2.09,1.91,1.91,3.716667,-1.562308,2.867436,1,12,143,123,123,14,198,64,309,48,1,61,43
"US","Marist College","A+",2,1,-.9916666,2.152308,-2.277436,.1217949,-2.277436,2.725,.5900002,1.5,2.09,.5900002,-.59,3.716667,-1.562308,2.867436,1,84,240,55,55,92,246,17,215,48,1,62.33333,44
"AZ","CNN/Opinion Research Corp.","B+",6,1,-1.627062,3,-1,.2058824,-1,1.169998,1.5,-5,-3.5,1.5,-1.5,2.79706,-1.5,2.5,1,46,260,114,113,16,264,47,173,33,1,64.33334,45
"GA","Trafalgar Group","C-",11,1,-1.702186,3.296876,-1.550624,.09375,-1.565625,.6900005,1.380001,-6.47,-5.1,1.380001,-1.37,2.392187,-1.916875,2.930625,1,40,269,79,78,6,260,41,182,78,1,65.66666,46
"OH","Remington Research Group","C-",11,3,-1.101944,1.328334,-1.328334,.2777778,-1.328333,2.861668,-4.736666,-3.333333,-8.07,4.736666,4.736667,3.963612,-6.065,6.065,1,76,217,96,96,103,122,178,446,26,1,66,47
"WI","Gravis Marketing","C",9,1,-1.786539,2.211538,-2.211538,0,-2.211539,1.885,-3.77,3,-.76,3.77,3.76,3.671539,-5.981539,5.981539,0,34,243,56,56,38,161,128,382,113,248,67.66666,48
"NH","Public Policy Polling","B",5,1,-1.648335,-.7119045,-.5519066,.2857143,-.5519047,2.314999,-4.629997,5,.37,4.629997,4.63,3.963333,-3.918093,5.181904,1,45,132,143,143,64,130,169,436,18,1,68.66666,49
"GA","Opinion Savvy/InsiderAdvantage","B-",7,2,-1.472188,.7268746,-1.740625,.09375,-1.735625,.9199991,-1.190001,-3.9,-5.1,1.190001,1.2,2.392187,-1.916875,2.930625,1,58,203,73,73,10,213,34,283,78,1,69.66666,50
"NV","Gravis Marketing","C",9,2,-.8861907,-.4476191,-1.525715,.1309524,-1.525714,1.959999,1.419998,1,2.42,1.419998,-1.42,2.84619,1.867617,2.945713,.75,88,141,81,81,45,262,44,177,46,226,71.66666,51
"TX","Marist College","A+",2,1,-.9925001,1.3325,-3.5525,0,-3.5525,2.859999,-.4799995,-8.5,-8.98,.4799995,.48,3.852499,-1.8125,4.0325,1,83,218,20,20,100,226,13,254,113,1,72,52
"US","CBS News/The New York Times","A",1,2,-.9916666,.1523077,-1.457436,.1217949,-1.457436,2.725,-1.41,3.5,2.09,1.41,1.41,3.716667,-1.562308,2.867436,1,84,181,86,86,92,211,42,288,48,1,72.66666,53
"US","Gravis Marketing","C",9,5,-2.067667,2.152308,-1.513436,.0217949,-1.513436,1.649,.5900002,1.5,2.09,1.354,-.59,3.716667,-1.562308,2.867436,.9,25,240,83,83,26,246,40,214,112,223,73.33334,54
"VA","Gravis Marketing","C",9,1,-.78,1.605263,-2.708421,.0526316,-2.708421,2.59,.3199997,5,5.32,.3199997,-.32,3.37,-1.285263,3.028421,1,98,226,42,42,82,241,9,223,88,1,76,55
"LA","SurveyMonkey","D-",14,2,-2.257143,1.214286,-1.317143,0,-1.317143,3.52,-6.139999,-13.5,-19.64,6.139999,6.14,5.777143,-7.354285,7.457142,1,20,216,98,98,148,97,214,485,113,1,77,56
"FL","Selzer & Co.","A+",2,1,.3819444,2.872222,-3.320554,.7361111,-3.320556,3.254999,.3100014,-1.5,-1.19,.3100014,-.31,2.873055,-2.562221,3.630555,1,201,257,26,26,123,240,8,225,6,1,77.66666,57
"NM","Gravis Marketing","C",9,1,-.8024998,-2.625,-3.070001,0,-3.0725,3.15,.2199974,8,8.21,.2199974,-.21,3.952499,2.844997,3.289998,1,94,59,32,32,114,238,6,229,113,1,79.66666,58
"VT","RRH Elections","B/C",8,1,-.8299999,3.5,-2.885,0,-2.885,4.475,.4099998,26,26.41,.4099998,-.41,5.305,-3.09,3.295,1,92,273,35,35,207,244,12,221,113,1,80,59
"AZ","Monmouth University","A+",2,1,-1.54706,-1,0,.2058824,0,1.25,-2.5,-1,-3.5,2.5,2.5,2.79706,-1.5,2.5,1,51,118,156,156,18,186,90,334,33,1,80,59
"VA","Remington Research Group","C-",11,3,-1.446667,2.938596,-1.375088,.0526316,-1.375088,1.923334,1.653333,3.666667,5.32,1.653333,-1.653333,3.37,-1.285263,3.028421,1,60,259,92,92,42,266,57,169,88,1,80,59
"NH","Emerson College","A-",3,3,-.3516664,.0880947,-1.351906,.2857143,-1.351905,3.611667,-3.829998,4.2,.37,3.829998,3.83,3.963333,-3.918093,5.181904,1,134,180,93,93,156,160,129,386,18,1,81.66666,62
"NY","SurveyMonkey","D-",14,2,-.6980004,-5,-3.188002,0,-3.188,3.254999,-1.509998,24,22.49,1.509998,1.51,3.953,3.490002,4.698,1,104,25,29,29,123,207,53,292,113,1,82,63
"IN","SurveyMonkey","D-",14,2,-.6866672,3.166667,-3.166667,0,-3.166667,3.215,-3.510002,-15.5,-19.01,3.510002,3.51,3.901667,-6.676669,6.676669,1,105,262,30,30,119,165,121,376,113,1,82.66666,64
"WA","Insights West","B/C",8,1,-1.325999,1.2,-1.548001,0,-1.548,1.185001,.7099991,15,15.71,.7099991,-.71,2.511001,-.4900009,2.258,1,63,214,80,80,17,248,19,208,113,1,85.33334,65
"NY","Gravis Marketing","C",9,1,-1.698,0,-1.207999,0,-1.208,2.254999,3.490002,19,22.49,3.490002,-3.49,3.953,3.490002,4.698,1,41,161,103,103,56,289,119,106,113,1,85.66666,66
"FL","Siena College/The New York Times Upshot","A+",2,1,-.1180556,4.872222,-1.320554,.7361111,-1.320556,2.754999,2.310001,-3.5,-1.19,2.310001,-2.31,2.873055,-2.562221,3.630555,1,155,291,97,97,95,276,83,142,6,1,86,67
"GA","YouGov","B",5,1,-.4971881,2.826875,-2.020625,.09375,-2.035625,1.894999,.9099998,-6,-5.1,.9099998,-.9,2.392187,-1.916875,2.930625,1,123,255,61,60,40,252,27,198,78,1,87.33334,68
"US","Selzer & Co.","A+",2,1,-.2416666,.6523077,-1.957436,.1217949,-1.957436,3.475,-.9099998,3,2.09,.9099998,.91,3.716667,-1.562308,2.867436,1,148,201,68,68,140,220,27,269,48,1,88,69
"GA","Gravis Marketing","C",9,1,-.4971881,.826875,-1.840625,.09375,-1.835625,1.894999,-1.09,-4,-5.1,1.09,1.1,2.392187,-1.916875,2.930625,1,123,206,70,70,40,215,32,280,78,1,90.33334,70
"US","CNN/Opinion Research Corp.","B+",6,1,-2.011667,-1.847692,.5425642,.1217949,.5425642,1.705,-3.41,5.5,2.09,3.41,3.41,3.716667,-1.562308,2.867436,1,27,87,196,196,29,169,117,370,48,1,90.33334,70
"AZ","Gravis Marketing","C",9,1,-.4670582,0,-1,.2058824,-1,2.330002,-1.5,-2,-3.5,1.5,1.5,2.79706,-1.5,2.5,1,126,161,114,113,65,208,47,289,33,1,91,72
"M2","Maine People's Resource Center","B/C",8,1,.4899998,2.599999,-2.599999,.6666666,-2.6,7.464998,-9.189999,-1.7,-10.89,9.189999,9.19,6.974998,-11.79,11.79,1,215,247,48,48,301,40,275,559,10,1,91,72
"WI","Clarity Campaign Labs","B/C",8,1,-1.286539,1.211538,-1.211538,0,-1.211538,2.385,-4.77,4,-.76,4.77,4.76,3.671539,-5.981539,5.981539,0,67,215,102,102,70,121,179,448,113,248,94,74
"TX","Dixie Strategies","B/C",8,1,-1.702499,4.972499,-.8724999,0,-.8724997,2.15,3.16,-12.14,-8.98,3.16,-3.16,3.852499,-1.8125,4.0325,1,39,292,130,130,50,286,112,116,113,1,94,74
"VA","Winthrop University","A/B",4,1,-.03,1.105263,-2.848421,.0526316,-2.848421,3.34,-.1800003,5.5,5.32,.1800003,.18,3.37,-1.285263,3.028421,1,160,211,36,36,134,231,4,243,88,1,94.66666,76
"NM","Research & Polling Inc.","B+",6,1,-2.3025,.375,-.0700006,0,-.0725,1.65,3.219997,5,8.21,3.219997,-3.21,3.952499,2.844997,3.289998,1,19,190,153,153,27,287,113,114,113,1,95,77
"OH","SurveyMonkey","D-",14,2,.3113897,1.995,-1.995,.2777778,-1.995,4.275002,-4.07,-4,-8.07,4.07,4.07,3.963612,-6.065,6.065,1,197,234,63,63,196,153,139,395,26,1,95.33334,78
"IL","SurveyMonkey","D-",14,2,-.4474998,-2.724999,-2.605,0,-2.615,3.300001,-.1199989,17,16.89,.1199989,.11,3.747501,2.605,2.724999,1,127,54,47,47,129,233,3,241,113,1,95.66666,79
"MA","SurveyMonkey","D-",14,2,-1.125,1.75,-1.150002,0,-1.15,3.16,-.3000031,27.5,27.2,1.5,.3,4.285,-2.050003,2.650002,1,74,230,106,106,116,229,47,247,113,1,97.66666,80
"CA","Greenberg Quinlan Rosner/American Viewpoint","B/C",8,1,-1.281428,-1,-1,0,-1,2.745,5.49,24.5,29.99,5.49,-5.49,4.026428,6.49,6.49,1,68,118,114,113,94,306,199,61,113,1,98.33334,81
"OR","SurveyMonkey","D-",14,2,-1.62,-4.75,-.7299995,0,-.73,2.045,-4.02,15,10.98,4.02,4.02,3.665,.7299995,4.75,1,47,27,137,137,47,155,138,392,113,1,99,82
"NV","SurveyMonkey","D-",14,2,.6138093,-.9476191,-2.025715,.3809524,-2.025714,3.459999,.9199982,1.5,2.42,.9199982,-.92,2.84619,1.867617,2.945713,1,227,123,60,61,139,253,29,196,13,1,100,83
"US","Monmouth University","A+",2,1,-1.761667,-2.347692,1.042564,.1217949,1.042564,1.955,-3.91,6,2.09,3.91,3.91,3.716667,-1.562308,2.867436,1,35,70,217,217,43,156,132,389,48,1,100,83
"MO","Public Policy Polling","B",5,1,-.7592306,1.384615,-1.384615,0,-1.384615,3.255001,-6.510002,-12,-18.51,6.510002,6.51,4.014232,-7.894618,7.894618,1,101,221,90,90,127,85,224,499,113,1,101.3333,85
"MO","Remington Research Group","C-",11,2,-.7592306,1.384615,-1.384615,0,-1.384615,3.255001,-6.510002,-12,-18.51,6.510002,6.51,4.014232,-7.894618,7.894618,1,101,221,90,90,127,85,224,499,113,1,101.3333,85
"LA","Southern Media & Opinion Research","B/C",8,1,-.0071425,2.714286,-2.817143,0,-2.817143,5.77,-4.639999,-15,-19.64,4.639999,4.64,5.777143,-7.354285,7.457142,1,162,249,38,38,266,129,171,438,113,1,104.3333,87
"CA","SurveyMonkey","D-",14,2,-.5414286,-1.5,-1.5,0,-1.5,3.485,4.99,25,29.99,4.99,-4.99,4.026428,6.49,6.49,1,118,106,84,84,142,303,186,70,113,1,105,88
"US","SurveyMonkey","D-",14,3,-1.671667,-2.514359,1.209231,.1217949,1.209231,2.045,-4.076666,6.166667,2.09,4.076666,4.076667,3.716667,-1.562308,2.867436,1,43,62,225,225,47,152,142,397,48,1,105.3333,89
"M1","University of New Hampshire","B-",7,1,-.728333,-6.983334,-1.036668,0,-1.036666,4.860001,-4.459999,20,15.54,4.459999,4.46,5.588334,2.523335,5.496667,1,103,11,111,111,229,142,155,418,113,1,109,90
"GA","Landmark Communications","B",5,3,-.5638537,-.173125,-.840625,.09375,-.8356251,1.828333,-2.09,-3,-5.1,2.09,2.1,2.392187,-1.916875,2.930625,1,115,154,134,134,34,194,76,321,78,1,109,90
"WI","SurveyMonkey","D-",14,2,.1634619,3.211538,-3.211538,0,-3.211539,3.835001,-2.77,2,-.76,2.77,2.76,3.671539,-5.981539,5.981539,0,188,264,28,28,167,176,100,350,113,248,109.6667,92
"CO","Emerson College","A-",3,1,-.7668753,.2774999,-.8412502,.03125,-.8412501,3.205,1.91,3,4.91,1.91,-1.91,3.971875,1.6325,2.75125,1,100,185,132,132,118,269,64,159,100,1,110.6667,93
"IA","SurveyMonkey","D-",14,2,.0528579,2.814286,-2.814286,0,-2.814286,3.945002,-2.41,-7,-9.41,2.41,2.41,3.892144,-5.224286,5.224286,1,181,253,39,39,172,189,85,329,113,1,111,94
"IA","Selzer & Co.","A+",2,1,.0528579,2.814286,-2.814286,0,-2.814286,3.945002,-2.41,-7,-9.41,2.41,2.41,3.892144,-5.224286,5.224286,1,181,253,39,40,172,189,85,330,113,1,111,94
"US","Quinnipiac University","B+",6,1,-1.511667,-2.847692,1.542564,.1217949,1.542564,2.205,-4.41,6.5,2.09,4.41,4.41,3.716667,-1.562308,2.867436,1,53,49,234,234,53,143,151,414,48,1,111.6667,96
"FL","Dixie Strategies","B/C",8,1,1.081943,4.672221,-1.520554,.7361111,-1.520556,3.954998,2.110001,-3.3,-1.19,2.110001,-2.11,2.873055,-2.562221,3.630555,1,248,288,82,82,175,274,80,151,6,1,112,97
"US","Pew Research Center","B/C",8,1,-1.491667,-2.847692,1.542564,.1217949,1.542564,2.225,-4.41,6.5,2.09,4.41,4.41,3.716667,-1.562308,2.867436,1,57,49,234,234,54,143,151,414,48,1,113,98
"NH","Rasmussen Reports/Pulse Opinion Research","C+",10,3,-.2616669,-1.711905,.4480934,.2857143,.4480953,3.701667,-5.629997,6,.37,5.629997,5.63,3.963333,-3.918093,5.181904,1,145,95,186,186,160,106,202,472,18,1,116.3333,99
"US","Centre College","B/C",8,1,-.8666666,-2.297689,.9925611,.1217949,.992564,2.85,-3.859997,5.95,2.09,3.859997,3.86,3.716667,-1.562308,2.867436,1,90,73,213,213,99,158,131,388,48,1,117,100
"SC","Starboard Communications","B/C",8,1,.7524986,5.5,-5.5,0,-5.5,6.304998,-3.27,-11,-14.27,3.27,3.27,5.5525,-8.77,8.77,1,235,296,6,6,282,170,114,367,113,1,118,101
"NV","Rasmussen Reports/Pulse Opinion Research","C+",10,4,.2388093,-.6976191,-.9857142,.1309524,-.9857142,3.084999,1.169998,1.25,2.42,1.959999,-1.17,2.84619,1.867617,2.945713,.75,191,136,121,121,110,255,71,188,46,226,119.3333,102
"NH","Praecones Analytica","B/C",8,1,-2.343333,5.938093,-3.161903,-.7142857,-3.161905,1.620001,2.02,-1.65,.37,2.02,-2.02,3.963333,-3.918093,5.181904,0,18,301,31,31,24,272,74,156,309,248,119.3333,102
"WI","McLaughlin & Associates","C/D",12,1,-.7865388,.2115383,-.2115383,0,-.2115383,2.885,-5.77,5,-.76,5.77,5.76,3.671539,-5.981539,5.981539,0,96,182,151,151,104,102,207,477,113,248,120,104
"UT","Rasmussen Reports/Pulse Opinion Research","C+",10,2,-1.327917,-.8858337,.4991665,0,.5008333,5.19,-10.38,-7.5,-17.89,10.38,10.39,6.517916,-9.494165,9.880833,1,62,125,189,192,244,30,288,574,113,1,121.3333,105
"AZ","YouGov","B",5,1,.5329418,0,-1,.2058824,-1,3.330002,-1.5,-2,-3.5,1.5,1.5,2.79706,-1.5,2.5,1,218,161,114,113,130,208,47,289,33,1,121.6667,106
"AZ","Marist College","A+",2,1,.5329418,3,-1,.2058824,-1,3.330002,1.5,-5,-3.5,1.5,-1.5,2.79706,-1.5,2.5,1,218,260,114,113,130,264,47,173,33,1,121.6667,106
"CO","Remington Research Group","C-",11,3,-1.350209,1.944167,.8254165,.03125,.8254167,2.621667,3.576667,1.333333,4.91,3.576667,-3.576667,3.971875,1.6325,2.75125,1,61,233,207,207,85,290,122,103,100,1,122.6667,108
"GA","SurveyUSA","A",1,1,.0028119,3.826875,-1.020625,.09375,-1.035625,2.394999,1.91,-7,-5.1,1.91,-1.9,2.392187,-1.916875,2.930625,1,179,278,112,112,71,269,64,161,78,1,123,109
"OH","YouGov","B",5,1,-.428612,-1.005,1.005,.2777778,1.005,3.535,-7.07,-1,-8.07,7.07,7.07,3.963612,-6.065,6.065,1,130,117,215,215,149,72,241,518,26,1,123.6667,110
"NV","Bendixen & Amandi International","B/C",8,1,-.5561888,-6.447619,1.634289,.3809524,1.634286,2.290001,-4.580002,7,2.42,4.580002,4.58,2.84619,1.867617,2.945713,1,117,17,241,241,62,134,165,430,13,1,123.6667,110
"NH","University of Massachusetts Lowell","A/B",4,1,-1.568333,4.788095,-4.311901,-.7142857,-4.311905,2.395,.8700027,-.5,.37,.8700027,-.87,3.963333,-3.918093,5.181904,0,50,290,12,12,73,251,24,199,309,248,123.6667,110
"MN","Mason-Dixon Polling & Strategy","B+",6,1,-.5324993,.625,-.625,0,-.625,3.245001,-6.490002,8,1.51,6.490002,6.49,3.7775,-7.115002,7.115002,1,119,199,139,139,120,87,222,497,113,1,123.6667,110
"FL","Rasmussen Reports/Pulse Opinion Research","C+",10,4,-.2430556,1.622222,-.2855556,.1111111,-.2855556,2.629999,-.9399986,-.25,-1.19,3.344999,.9400001,2.873055,-2.562221,3.630555,.375,146,228,150,150,86,219,116,271,76,240,124,114
"US","American Research Group","B",5,1,-1.261667,-3.347692,2.042564,.1217949,2.042564,2.455,-4.91,7,2.09,4.91,4.91,3.716667,-1.562308,2.867436,1,70,41,265,265,75,118,184,450,48,1,127.6667,115
"NJ","Stockton University","A/B",4,1,-.5033329,4.333333,-.3466644,0,-.3599999,2.495001,2.990002,11,13.98,2.990002,-2.98,2.998334,-1.343332,3.336666,1,122,285,149,149,77,283,106,124,113,1,128,116
"CO","Trafalgar Group","C-",11,1,-1.736875,2.837501,1.718751,.03125,1.71875,2.235001,4.470001,.44,4.91,4.470001,-4.47,3.971875,1.6325,2.75125,1,38,256,251,251,55,299,157,75,100,1,129.6667,117
"ID","Rasmussen Reports/Pulse Opinion Research","C+",10,1,-.796,-.1999998,.1999998,0,.1999998,6.385,-12.77,-19,-31.76,12.77,12.76,7.181,-12.57,12.57,1,95,153,182,182,285,16,304,592,113,1,130,118
"SC","Gravis Marketing","C",9,1,-.9174995,-.5,.5,0,.5,4.635,-9.27,-5,-14.27,9.27,9.27,5.5525,-8.77,8.77,1,87,138,191,189,215,39,278,561,113,1,130.3333,119
"US","Morning Consult","B/C",8,5,.5683333,-.3476923,-.9574358,.1217949,-.9574359,4.285,-1.91,4,2.09,1.91,1.91,3.716667,-1.562308,2.867436,1,225,143,123,125,197,198,64,309,48,1,132,120
"LA","University of New Orleans","B/C",8,1,.4928575,1.714286,-1.817143,0,-1.817143,6.27,-5.639999,-14,-19.64,5.639999,5.64,5.777143,-7.354285,7.457142,1,216,229,71,71,281,105,203,473,113,1,133.3333,121
"CO","Keating Research","B/C",8,1,1.233125,-1.7225,-2.66125,.03125,-2.66125,5.205,-.0900002,5,4.91,.0900002,.09,3.971875,1.6325,2.75125,1,257,93,45,45,245,236,1,237,100,1,134,122
"NM","Zia Poll","C/D",12,3,-1.495834,2.041667,1.596666,0,1.594167,2.456666,4.886664,3.333333,8.21,4.886664,-4.876667,3.952499,2.844997,3.289998,1,56,238,239,239,76,302,183,72,113,1,136,123
"PA","Rasmussen Reports/Pulse Opinion Research","C+",10,4,.5494823,1.045862,-.5732756,.1637931,-.5768964,3.939999,-3.459999,2.75,-.72,4.105,3.47,3.390516,-4.505861,4.678275,.25,221,210,142,142,171,167,146,374,45,242,136,123
"ME","Maine People's Resource Center","B/C",8,1,.8320007,2.2,-2.2,0,-2.2,4.85,-3.039997,6,2.96,3.039997,3.04,4.018,-5.239997,5.239997,1,238,242,57,57,227,172,109,361,113,1,136,123
"CO","SurveyMonkey","D-",14,2,.4831247,-.2225001,-1.34125,.03125,-1.34125,4.455,1.41,3.5,4.91,1.41,-1.41,3.971875,1.6325,2.75125,1,214,147,95,95,204,261,42,180,100,1,136.3333,126
"MN","SurveyMonkey","D-",14,2,-.0925007,.625,-.625,0,-.625,3.684999,-6.490002,8,1.51,6.490002,6.49,3.7775,-7.115002,7.115002,1,158,199,139,139,159,87,222,497,113,1,136.6667,127
"AK","Gravis Marketing","C",9,1,-.1099997,-2,1.092,.2,1.092,5.865,-11.73,-3,-14.73,11.73,11.73,5.974999,-9.73,10.638,1,157,83,219,219,269,23,297,583,41,1,139,128
"GA","Emerson College","A-",3,1,-.4371867,5.826875,.9793746,.09375,.964375,1.955,3.91,-9,-5.1,3.91,-3.9,2.392187,-1.916875,2.930625,1,128,300,212,212,43,293,132,95,78,1,139.3333,129
"TX","SurveyMonkey","D-",14,2,-.4925001,-2.6675,.4474998,0,.4475002,3.359999,-4.48,-4.5,-8.98,4.48,4.48,3.852499,-1.8125,4.0325,1,125,56,185,185,135,140,158,421,113,1,141,130
"CA","Insights West","B/C",8,1,-.5314283,.5,.5,0,.5,3.495,6.99,23,29.99,6.99,-6.99,4.026428,6.49,6.49,1,120,193,191,189,144,312,236,38,113,1,141.3333,131
"OH","TargetSmart/William & Mary","B/C",8,1,1.81139,.9950004,-.9950004,.2777778,-.9949999,5.775002,-5.07,-3,-8.07,5.07,5.07,3.963612,-6.065,6.065,1,279,209,120,120,267,116,188,453,26,1,141.6667,132
"OH","Emerson College","A-",3,2,.5663888,1.344999,-1.344999,.0277778,-1.345,4.530001,-4.720001,-3.35,-8.07,4.720001,4.72,3.963612,-6.065,6.065,.75,224,220,94,94,210,123,177,442,111,226,143,133
"VA","SurveyMonkey","D-",14,2,-.28,-2.394737,.6515791,.0526316,.651579,3.09,-3.68,9,5.32,3.68,3.68,3.37,-1.285263,3.028421,1,143,67,201,201,111,162,125,380,88,1,144,134
"CA","Public Policy Institute of California","A/B",4,1,1.458571,-2.5,-2.5,0,-2.5,5.485,3.99,26,29.99,3.99,-3.99,4.026428,6.49,6.49,1,270,63,49,49,257,295,136,90,113,1,144,134
"MT","SurveyMonkey","D-",14,2,0,0,0,0,0,4.075001,-2.740002,-17.5,-20.23,4.5,2.73,4.075001,-2.740002,4.5,1,164,161,156,156,184,178,159,349,113,1,144.3333,136
"DE","SurveyMonkey","D-",14,2,0,0,0,0,0,3.15,-.1199989,11.5,11.37,.5,.13,3.15,-.1199989,.5,1,164,161,156,156,114,233,14,242,113,1,144.3333,136
"AL","SurveyMonkey","D-",14,2,0,0,0,0,2.38e-07,4.110001,-8.220001,-19.5,-27.73,8.220001,8.23,4.110001,-8.220001,8.220001,1,164,161,156,169,186,54,259,541,113,1,144.3333,136
"MS","SurveyMonkey","D-",14,2,0,0,0,0,0,5.15,-10.3,-7.5,-17.8,10.3,10.3,5.15,-10.3,10.3,1,164,161,156,156,241,31,287,572,113,1,144.3333,136
"RI","SurveyMonkey","D-",14,2,0,0,0,0,0,4.405001,3.009998,12.5,15.51,3.009998,-3.01,4.405001,3.009998,3.009998,1,164,161,156,156,201,284,107,123,113,1,144.3333,136
"DC","SurveyMonkey","D-",14,2,0,0,0,0,1.19e-07,2.93,5.770004,81,86.78,5.770004,-5.78,2.93,5.770004,5.770004,1,164,161,156,168,107,309,208,50,113,1,144.3333,136
"HI","SurveyMonkey","D-",14,2,0,0,0,0,0,6.360001,10.68,21.5,32.18,10.68,-10.68,6.360001,10.68,10.68,1,164,161,156,156,284,318,290,16,113,1,144.3333,136
"WV","SurveyMonkey","D-",14,2,0,0,0,0,0,6.334999,-12.67,-29,-41.68,12.67,12.68,6.334999,-12.67,12.67,1,164,161,156,156,283,17,303,591,113,1,144.3333,136
"TN","SurveyMonkey","D-",14,2,0,0,0,0,0,7.75,-15.5,-10.5,-26.01,15.5,15.51,7.75,-15.5,15.5,1,164,161,156,156,305,8,312,602,113,1,144.3333,136
"ND","SurveyMonkey","D-",14,2,0,0,0,0,2.38e-07,5.365,-10.73,-25,-35.73,10.73,10.73,5.365,-10.73,10.73,1,164,161,156,169,251,28,291,576,113,1,144.3333,136
"CT","SurveyMonkey","D-",14,2,0,0,0,0,-5.96e-08,3.25,-.3600006,14,13.64,2,.36,3.25,-.3600006,2,1,164,161,156,155,121,228,73,250,113,1,144.3333,136
"WY","SurveyMonkey","D-",14,2,0,0,0,0,0,3.834999,-6.790001,-39.5,-46.3,6.790001,6.8,3.834999,-6.790001,6.790001,1,164,161,156,156,164,79,231,507,113,1,144.3333,136
"MD","SurveyMonkey","D-",14,2,0,0,0,0,0,4.205,-7.079998,33.5,26.42,7.079998,7.08,4.205,-7.079998,7.079998,1,164,161,156,156,189,71,242,519,113,1,144.3333,136
"NE","SurveyMonkey","D-",14,2,0,0,0,0,0,4.125,-6.549999,-18.5,-25.05,6.549999,6.55,4.125,-6.549999,6.549999,1,164,161,156,156,187,84,226,501,113,1,144.3333,136
"M1","Maine People's Resource Center","B/C",8,1,1.696666,.2666664,-2.706666,0,-2.706666,7.285,2.790001,12.75,15.54,2.790001,-2.79,5.588334,2.523335,5.496667,1,276,184,44,44,297,282,102,127,113,1,144.3333,136
"VA","Lucid","D+",13,1,3.22,1.605263,-2.708421,.0526316,-2.708421,6.59,.3199997,5,5.32,.3199997,-.32,3.37,-1.285263,3.028421,1,307,226,42,42,291,241,9,223,88,1,145.6667,151
"US","Google Surveys","D+",13,4,6.684584,1.119807,-1.629936,.1217949,-1.629936,10.40125,-.4425001,2.5325,2.09,1.2375,.4425,3.716667,-1.562308,2.867436,1,317,213,77,77,317,227,36,252,48,1,147.3333,152
"WA","SurveyMonkey","D-",14,2,-.346,-2.3,.5320008,0,.5320001,2.165001,-2.790001,18.5,15.71,2.790001,2.79,2.511001,-.4900009,2.258,1,135,72,195,193,52,175,102,352,113,1,147.6667,153
"CO","Magellan Strategies","B/C",8,1,.8831263,-3.2225,-1.16125,.03125,-1.16125,4.855001,-1.59,6.5,4.91,1.59,1.59,3.971875,1.6325,2.75125,1,240,43,105,105,228,203,55,299,100,1,148.3333,154
"NC","Monmouth University","A+",2,1,-1.168268,.7434616,-1.101153,-.2115385,-1.101154,2.330002,-4.660004,1,-3.66,4.660004,4.66,3.49827,-5.403465,5.761157,0,72,204,107,107,65,127,172,440,268,248,149,155
"NH","YouGov","B",5,1,2.181667,-.7119045,-.5519066,.2857143,-.5519047,6.145,-4.629997,5,.37,4.629997,4.63,3.963333,-3.918093,5.181904,1,289,132,143,143,279,130,169,436,18,1,150,156
"IL","Emerson College","A-",3,1,-1.3075,2.275001,2.155002,0,2.165,2.440001,4.880001,12,16.89,4.880001,-4.89,3.747501,2.605,2.724999,1,66,244,271,271,74,301,182,71,113,1,150,156
"WA","SurveyUSA","A",1,1,-.6560013,4.2,1.451999,0,1.452,1.855,3.709999,12,15.71,3.709999,-3.71,2.511001,-.4900009,2.258,1,108,282,231,231,37,292,127,99,113,1,150.6667,158
"WI","Remington Research Group","C-",11,3,-.153205,-.4551283,.4551283,0,.4551283,3.518334,-6.436667,5.666667,-.76,6.436667,6.426667,3.671539,-5.981539,5.981539,0,152,140,187,187,147,89,221,495,113,248,150.6667,158
"WI","Loras College","B/C",8,1,1.188463,1.461538,-1.461538,0,-1.461538,4.860003,-4.52,3.75,-.76,4.52,4.51,3.671539,-5.981539,5.981539,0,254,224,85,85,230,136,164,424,113,248,150.6667,158
"WI","Emerson College","A-",3,1,-.2865388,-.7884617,.7884617,0,.7884617,3.385,-6.77,6,-.76,6.77,6.76,3.671539,-5.981539,5.981539,0,141,127,203,203,136,80,229,505,113,248,152.3333,161
"FL","CNN/Opinion Research Corp.","B+",6,1,-1.528055,-.1277778,-.9405563,-.2638889,-.9405556,1.344999,-2.689999,1.5,-1.19,2.689999,2.69,2.873055,-2.562221,3.630555,0,52,156,126,126,22,181,94,342,281,248,153,162
"US","Public Policy Polling","B",5,1,.2583334,-2.347692,1.042564,.1217949,1.042564,3.975,-3.91,6,2.09,3.91,3.91,3.716667,-1.562308,2.867436,1,195,70,217,217,177,156,132,389,48,1,153.3333,163
"NM","Lucid","D+",13,1,5.1975,-2.625,-3.070001,0,-3.0725,9.15,.2199974,8,8.21,.2199974,-.21,3.952499,2.844997,3.289998,1,316,59,32,32,313,238,6,229,113,1,153.6667,164
"TX","Rasmussen Reports/Pulse Opinion Research","C+",10,1,2.2575,-.1675,-2.0525,0,-2.0525,6.109999,-1.98,-7,-8.98,1.98,1.98,3.852499,-1.8125,4.0325,1,291,155,59,59,277,197,72,315,113,1,154.3333,165
"AZ","Data Orbital","A/B",4,5,.8329418,1.4,-.4,.1058824,-.4,3.630002,-.1,-3.4,-3.5,2.1,.1,2.79706,-1.5,2.5,.9,239,223,148,148,157,235,79,240,77,223,154.6667,166
"MI","SurveyMonkey","D-",14,2,.4052494,3.2775,-3.4255,-.075,-3.4255,4.389999,-1.720001,1.5,-.22,1.720001,1.72,3.98475,-4.997501,5.145501,0,204,268,22,22,200,201,60,307,243,248,156.3333,167
"PA","Gravis Marketing","C",9,4,-.8780174,.6708622,-.843276,-.0862069,-.8418964,2.512499,-3.834999,3.125,-.72,3.834999,3.845,3.390516,-4.505861,4.678275,0,89,202,131,131,80,159,130,387,250,248,156.6667,168
"AZ","Lucid","D+",13,1,2.032942,-1,0,.2058824,0,4.830002,-2.5,-1,-3.5,2.5,2.5,2.79706,-1.5,2.5,1,285,118,156,156,225,186,90,334,33,1,158,169
"UT","Y2 Analytics","B/C",8,1,1.092083,.6141663,-1.000834,0,-.9991665,7.61,-8.879999,-9,-17.89,8.879999,8.89,6.517916,-9.494165,9.880833,1,249,198,113,119,304,47,268,552,113,1,158.3333,170
"VT","Braun Research","B/C",8,1,2.17,1.5,-1.705,0,-1.705,7.475,-1.59,28,26.41,1.59,1.59,5.305,-3.09,3.295,1,288,225,75,75,302,203,55,299,113,1,158.6667,171
"ID","SurveyMonkey","D-",14,2,-.296,-1.2,1.2,0,1.2,6.885,-13.77,-18,-31.76,13.77,13.76,7.181,-12.57,12.57,1,140,113,223,223,295,12,308,597,113,1,158.6667,171
"FL","Quinnipiac University","B+",6,2,-.6180556,.3722222,-1.440556,-.2638889,-1.440556,2.254999,-2.189999,1,-1.19,2.189999,2.19,2.873055,-2.562221,3.630555,0,109,188,87,87,56,192,81,325,281,248,159,173
"GA","Marist College","A+",2,1,.0028119,-2.173125,1.159375,.09375,1.164375,2.394999,-4.09,-1,-5.1,4.09,4.1,2.392187,-1.916875,2.930625,1,179,75,220,220,71,149,143,399,78,1,159,173
"US","Lucid","D+",13,7,1.829762,-.9191208,-.0745787,.1217949,-.0745788,5.546429,-2.481428,4.571429,2.09,2.792857,2.481429,3.716667,-1.562308,2.867436,1,280,124,152,152,261,188,104,333,48,1,160,175
"NV","JMC Analytics","B/C",8,1,-1.136191,.5523809,-.5257151,-.1190476,-.5257142,1.709999,2.419998,0,2.42,2.419998,-2.42,2.84619,1.867617,2.945713,.5,73,194,145,145,30,278,87,138,264,232,160.6667,176
"UT","Monmouth University","A+",2,1,-.5779166,-2.385834,1.999166,0,2.000834,5.94,-11.88,-6,-17.89,11.88,11.89,6.517916,-9.494165,9.880833,1,112,68,260,262,273,21,298,584,113,1,161.6667,177
"UT","Gravis Marketing","C",9,1,-.5779166,-2.385834,1.999166,0,2.000834,5.94,-11.88,-6,-17.89,11.88,11.89,6.517916,-9.494165,9.880833,1,112,68,260,262,273,21,298,584,113,1,161.6667,177
"FL","Gravis Marketing","C",9,3,-1.058056,-.1277778,-.9405563,-.2638889,-.9405556,1.814999,-2.689999,1.5,-1.19,2.689999,2.69,2.873055,-2.562221,3.630555,0,79,156,126,126,33,181,94,342,281,248,162,179
"NJ","SurveyMonkey","D-",14,2,.2516663,-2.166667,.1733322,0,.1800001,3.25,-3.509998,17.5,13.98,3.509998,3.52,2.998334,-1.343332,3.336666,1,194,77,180,180,121,166,120,377,113,1,162.3333,180
"CO","YouGov","B",5,1,1.233125,.2774999,-.8412502,.03125,-.8412501,5.205,1.91,3,4.91,1.91,-1.91,3.971875,1.6325,2.75125,1,257,185,132,132,245,269,64,159,100,1,163,181
"M1","Emerson College","A-",3,1,-.9683328,6.716667,3.743334,0,3.743333,4.620001,9.240002,6.3,15.54,9.240002,-9.24,5.588334,2.523335,5.496667,1,86,308,292,292,214,316,277,22,113,1,163.6667,182
"IA","RABA Research","B/C",8,1,-.4371438,-1.685714,1.685714,0,1.685714,3.455,-6.91,-2.5,-9.41,6.91,6.91,3.892144,-5.224286,5.224286,1,129,98,249,249,138,76,234,512,113,1,163.6667,182
"VT","SurveyMonkey","D-",14,2,-.6700001,-2.5,2.295,0,2.295,4.635,-5.59,32,26.41,5.59,5.59,5.305,-3.09,3.295,1,107,63,273,273,215,107,201,470,113,1,164.3333,184
"CO","Lucid","D+",13,1,1.233125,-3.7225,-.6612499,.03125,-.6612501,5.205,-2.09,7,4.91,2.09,2.09,3.971875,1.6325,2.75125,1,257,36,138,138,245,194,76,319,100,1,165,185
"UT","Emerson College","A-",3,2,1.992084,3.214166,-1.280833,0,-1.289167,8.51,-6.28,-11.6,-17.89,8.599999,6.29,6.517916,-9.494165,9.880833,1,284,265,101,101,310,93,265,491,113,1,166,186
"NC","Gravis Marketing","C",9,2,-.8332694,.2434616,-.6011534,-.2115385,-.6011539,2.665001,-5.160004,1.5,-3.66,5.160004,5.16,3.49827,-5.403465,5.761157,0,91,183,141,141,89,114,191,456,268,248,166.6667,187
"FL","Emerson College","A-",3,1,-.3680556,.3722222,-1.440556,-.2638889,-1.440556,2.504999,-2.189999,1,-1.19,2.189999,2.19,2.873055,-2.562221,3.630555,0,133,188,87,87,79,192,81,325,281,248,167,188
"PA","Public Policy Polling","B",5,1,-1.035517,-.2041378,.031724,-.0862069,.0331035,2.355,-4.709999,4,-.72,4.709999,4.72,3.390516,-4.505861,4.678275,0,80,150,172,172,68,124,174,442,250,248,167.3333,189
"PA","Monmouth University","A+",2,1,-1.035517,-.2041378,.031724,-.0862069,.0331035,2.355,-4.709999,4,-.72,4.709999,4.72,3.390516,-4.505861,4.678275,0,80,150,172,172,68,124,174,442,250,248,167.3333,189
"PA","Remington Research Group","C-",11,3,.091149,1.795862,-1.968276,-.0862069,-1.966896,3.481665,-2.709999,2,-.72,2.709999,2.72,3.390516,-4.505861,4.678275,0,186,231,66,66,141,179,98,347,250,248,167.3333,189
"WI","Marquette University Law School","A/B",4,1,.1634619,-.7884617,.7884617,0,.7884617,3.835001,-6.77,6,-.76,6.77,6.76,3.671539,-5.981539,5.981539,0,188,127,203,203,167,80,229,505,113,248,168,192
"FL","Marist College","A+",2,1,-.1180556,.8722222,-1.940556,-.2638889,-1.940556,2.754999,-1.689999,.5,-1.19,1.689999,1.69,2.873055,-2.562221,3.630555,0,155,207,69,69,95,202,59,305,281,248,168.3333,193
"IA","Loras College","B/C",8,1,-.3371434,-1.885715,1.885715,0,1.885715,3.555,-7.110001,-2.3,-9.41,7.110001,7.11,3.892144,-5.224286,5.224286,1,137,85,257,257,150,70,243,521,113,1,169,194
"NH","University of New Hampshire","B-",7,3,.4616659,-4.378571,3.11476,.2857143,3.114762,4.424999,-8.296664,8.666667,.37,8.296664,8.296667,3.963333,-3.918093,5.181904,1,210,29,286,286,202,53,260,543,18,1,171.3333,195
"IA","Emerson College","A-",3,1,.0528579,-1.185714,1.185714,0,1.185714,3.945002,-6.41,-3,-9.41,6.41,6.41,3.892144,-5.224286,5.224286,1,181,114,222,222,172,90,220,494,113,1,172,196
"FL","SurveyMonkey","D-",14,2,-.6180556,-.1277778,-.9405563,-.2638889,-.9405556,2.254999,-2.689999,1.5,-1.19,2.689999,2.69,2.873055,-2.562221,3.630555,0,109,156,126,126,56,181,94,342,281,248,172,196
"VA","Christopher Newport University","B/C",8,3,1.553333,-1.72807,-.0150875,.0526316,-.0150876,4.923334,-3.013334,8.333333,5.32,3.013334,3.013333,3.37,-1.285263,3.028421,1,274,92,154,154,233,173,108,358,88,1,172,196
"KY","Western Kentucky University","B/C",8,1,-.5080004,-3.08,3.08,0,3.08,6.42,-12.84,-17,-29.84,12.84,12.84,6.928,-9.76,9.76,1,121,46,284,284,287,15,305,593,113,1,172.6667,199
"MI","Public Policy Polling","B",5,1,-1.124749,-.7224998,.5745001,-.075,.5745001,2.860001,-5.720001,5.5,-.22,5.720001,5.72,3.98475,-4.997501,5.145501,0,75,131,200,200,101,103,205,474,243,248,172.6667,199
"TX","YouGov","B",5,2,-.2425001,-4.1675,1.9475,0,1.9475,3.609999,-5.98,-3,-8.98,5.98,5.98,3.852499,-1.8125,4.0325,1,147,33,258,258,154,98,213,483,113,1,172.6667,199
"PA","Susquehanna Polling & Research Inc.","C",9,1,.4244823,1.795862,-1.968276,-.0862069,-1.966896,3.814999,-2.709999,2,-.72,2.709999,2.72,3.390516,-4.505861,4.678275,0,206,231,66,66,163,179,98,347,250,248,174,202
"SD","Nielson Brothers Polling","C/D",12,1,-.0479999,-1.8,1.8,0,1.799999,7.895,-15.79,-14,-29.79,15.79,15.79,7.942999,-13.99,13.99,1,159,90,253,253,307,7,313,603,113,1,175,203
"IN","Monmouth University","A+",2,1,.1033337,-1.333333,1.333333,0,1.333333,4.005001,-8.010002,-11,-19.01,8.010002,8.01,3.901667,-6.676669,6.676669,1,187,108,229,229,180,59,253,534,113,1,176.3333,204
"WA","Elway Research","A/B",4,1,2.674001,-.8,-.9679992,0,-.9679999,5.185001,-1.290001,17,15.71,1.290001,1.29,2.511001,-.4900009,2.258,1,297,126,122,122,243,212,37,286,113,1,177.3333,205
"OR","Gravis Marketing","C",9,1,-.1750002,6.25,2.23,0,2.23,3.49,6.98,4,10.98,6.98,-6.98,3.665,.7299995,4.75,1,149,303,272,272,143,311,235,39,113,1,178,206
"PA","Clarity Campaign Labs","B/C",8,1,-.5755177,-.2041378,.031724,-.0862069,.0331035,2.814999,-4.709999,4,-.72,4.709999,4.72,3.390516,-4.505861,4.678275,0,114,150,172,172,98,124,174,442,250,248,178.6667,207
"KS","SurveyMonkey","D-",14,2,.4799995,-2.75,.9599991,0,.96,4.209999,-8.419998,-12,-20.42,8.419998,8.42,3.73,-5.669998,7.459999,1,213,52,211,211,190,51,261,545,113,1,179,208
"PA","CNN/Opinion Research Corp.","B+",6,1,-.7855167,-.7041378,.531724,-.0862069,.5331035,2.605,-5.209999,4.5,-.72,5.209999,5.22,3.390516,-4.505861,4.678275,0,97,134,193,194,84,110,194,459,250,248,180,209
"MA","Western New England University","A/B",4,1,1.125,-.75,.1500015,0,.1499999,5.41,-2.800003,30,27.2,2.800003,2.8,4.285,-2.050003,2.650002,1,250,130,177,177,253,174,105,353,113,1,180,209
"NH","Marist College","A+",2,1,.9316671,-4.211905,2.948093,.2857143,2.948095,4.895,-8.129997,8.5,.37,8.129997,8.13,3.963333,-3.918093,5.181904,1,243,32,280,280,232,56,257,539,18,1,180.3333,211
"UT","Dan Jones & Associates","B-",7,1,1.592083,-.3858337,-.0008335,0,.0008335,8.11,-9.879999,-8,-17.89,9.879999,9.89,6.517916,-9.494165,9.880833,1,275,142,155,171,308,34,283,567,113,1,181,212
"US","Suffolk University","A",1,1,.2633326,-6.397692,5.092564,.1217949,5.092564,3.98,-7.959999,10.05,2.09,7.959999,7.96,3.716667,-1.562308,2.867436,1,196,19,300,300,178,61,252,533,48,1,181.3333,213
"NV","Lucid","D+",13,1,2.363809,-6.447619,1.634289,.3809524,1.634286,5.209999,-4.580002,7,2.42,4.580002,4.58,2.84619,1.867617,2.945713,1,292,17,241,241,248,134,165,430,13,1,182,214
"AR","SurveyMonkey","D-",14,2,.3249993,-1.575,1.575,0,1.575,5.035,-8.419998,-18.5,-26.92,8.419998,8.42,4.710001,-6.844998,6.844998,1,198,104,238,238,238,51,261,545,113,1,183,215
"NH","Suffolk University","A",1,1,.6816671,4.688097,-4.4119,-.7142857,-4.411905,4.645,.7700043,-.4,.37,.7700043,-.77,3.963333,-3.918093,5.181904,0,229,289,11,11,217,249,22,203,309,248,183,215
"GA","Abt Associates","A/B",4,1,2.502812,-1.173125,.159375,.09375,.1643748,4.894999,-3.09,-2,-5.1,3.09,3.1,2.392187,-1.916875,2.930625,1,294,115,178,178,231,171,111,363,78,1,183.3333,217
"AR","University of Arkansas","B/C",8,1,1.200001,-.2750006,.2750006,0,.2749996,5.910002,-7.119999,-19.8,-26.92,7.119999,7.12,4.710001,-6.844998,6.844998,1,256,146,183,183,272,69,244,522,113,1,184,218
"MI","Gravis Marketing","C",9,1,-.3447506,-.2224998,.0745001,-.075,.0745001,3.639999,-5.220001,5,-.22,5.220001,5.22,3.98475,-4.997501,5.145501,0,136,148,175,175,158,108,196,459,243,248,184.6667,219
"MO","Emerson College","A-",3,3,.6974357,-.9487179,.9487179,0,.9487178,4.711668,-8.843335,-9.666667,-18.51,8.843335,8.843333,4.014232,-7.894618,7.894618,1,232,122,210,210,222,48,267,551,113,1,185,220
"OR","DHM Research","B/C",8,1,3.415,3.25,-.7700005,0,-.77,7.08,3.98,7,10.98,3.98,-3.98,3.665,.7299995,4.75,1,309,267,136,136,296,294,135,91,113,1,186,221
"NH","American Research Group","B",5,1,-1.278332,9.288095,.1880989,-.7142857,.1880951,2.685001,5.370003,-5,.37,5.370003,-5.37,3.963333,-3.918093,5.181904,0,69,317,181,181,90,305,198,65,309,248,186.3333,222
"GA","Quinnipiac University","B+",6,1,.7528119,-2.673125,1.659375,.09375,1.664375,3.144999,-4.59,-.5,-5.1,4.59,4.6,2.392187,-1.916875,2.930625,1,236,55,248,248,113,133,167,434,78,1,187.3333,223
"NV","Marist College","A+",2,1,-.1361907,.5523809,-.5257151,-.1190476,-.5257142,2.709999,2.419998,0,2.42,2.419998,-2.42,2.84619,1.867617,2.945713,.5,154,194,145,145,91,278,87,138,264,232,187.6667,224
"IN","Public Opinion Strategies","B+",6,1,.5633328,-1.333333,1.333333,0,1.333333,4.465,-8.010002,-11,-19.01,8.010002,8.01,3.901667,-6.676669,6.676669,1,223,108,229,229,206,59,253,534,113,1,188.3333,225
"AK","Google Surveys","D+",13,1,.8900003,-4,3.092,.2,3.092,6.865,-13.73,-1,-14.73,13.73,13.73,5.974999,-9.73,10.638,1,241,34,285,285,294,13,307,596,41,1,189,226
"IN","Gravis Marketing","C",9,2,.3533337,-1.833333,1.833333,0,1.833333,4.255001,-8.510002,-10.5,-19.01,8.510002,8.51,3.901667,-6.676669,6.676669,1,200,88,255,255,193,50,264,547,113,1,189.3333,227
"ME","University of New Hampshire","B-",7,1,.0019989,-2.8,2.8,0,2.8,4.019999,-8.039997,11,2.96,8.039997,8.04,4.018,-5.239997,5.239997,1,178,51,278,278,181,58,255,536,113,1,189.6667,228
"FL","YouGov","B",5,2,.3819444,-.1277778,-.9405563,-.0138889,-.9405556,3.254999,-2.689999,1.5,-1.19,2.689999,2.69,2.873055,-2.562221,3.630555,.25,201,156,126,126,123,181,94,342,242,242,189.6667,228
"NM","SurveyMonkey","D-",14,2,1.1975,-.625,.7100019,0,.7175,5.15,2.219997,6,8.21,4,-2.21,3.952499,2.844997,3.289998,1,255,137,202,202,241,275,137,146,113,1,190,230
"ME","SurveyMonkey","D-",14,2,.4169998,-1.8,1.8,0,1.8,4.434999,-7.039997,10,2.96,7.039997,7.04,4.018,-5.239997,5.239997,1,205,90,253,254,203,73,240,517,113,1,190.3333,231
"SC","SurveyMonkey","D-",14,2,.0825005,-2.5,2.5,0,2.5,5.635,-11.27,-3,-14.27,11.27,11.27,5.5525,-8.77,8.77,1,185,63,275,275,262,26,293,580,113,1,191,232
"VA","Quinnipiac University","B+",6,1,.22,-5.894737,4.151579,.0526316,4.151579,3.59,-7.18,12.5,5.32,7.18,7.18,3.37,-1.285263,3.028421,1,190,20,296,296,152,68,245,523,88,1,191.3333,233
"US","NBC News/The Wall Street Journal","A-",3,2,1.258333,-3.347692,2.042564,.1217949,2.042564,4.975,-4.91,7,2.09,4.91,4.91,3.716667,-1.562308,2.867436,1,261,40,266,265,235,118,184,450,48,1,191.6667,234
"FL","SurveyUSA","A",1,1,-.7780554,-1.627778,.5594437,-.2638889,.5594444,2.094999,-4.189999,3,-1.19,4.189999,4.19,2.873055,-2.562221,3.630555,0,99,99,197,197,49,145,148,407,281,248,192.3333,235
"US","Ipsos","B-",7,4,2.858333,-2.622693,1.317565,.1217949,1.317564,6.575,-4.185,6.275,2.09,4.185,4.185,3.716667,-1.562308,2.867436,1,302,61,228,228,290,148,147,405,48,1,192.6667,236
"NH","Gravis Marketing","C",9,1,.6816671,6.288095,-2.811901,-.7142857,-2.811905,4.645,2.370003,-2,.37,2.370003,-2.37,3.963333,-3.918093,5.181904,0,229,304,41,41,217,277,84,141,309,248,193,237
"M2","Emerson College","A-",3,1,-.8299999,-.499999,.499999,-.3333333,.5,6.144999,-12.29,1.4,-10.89,12.29,12.29,6.974998,-11.79,11.79,0,92,139,190,189,278,20,300,588,299,248,193.6667,238
"NY","Siena College","A-",3,1,1.302,2,.7920012,0,.7919998,5.254999,5.490002,17,22.49,5.490002,-5.49,3.953,3.490002,4.698,1,264,236,205,205,249,307,200,61,113,1,194,239
"NC","Public Policy Polling","B",5,2,-.4182684,-.7565384,.3988466,-.2115385,.3988461,3.080002,-6.160004,2.5,-3.66,6.160004,6.16,3.49827,-5.403465,5.761157,0,131,129,184,184,109,96,215,486,268,248,194.3333,240
"US","Rasmussen Reports/Pulse Opinion Research","C+",10,5,-.1416666,3.652308,-.7774355,-.2782051,-.777436,3.575,2.09,0,2.09,2.09,-2.09,3.716667,-1.562308,2.867436,.6,153,275,135,135,151,273,76,153,297,231,195,241
"NH","SurveyMonkey","D-",14,2,1.351665,-6.711905,5.448093,.2857143,5.448095,5.314999,-10.63,11,.37,10.63,10.63,3.963333,-3.918093,5.181904,1,266,14,303,303,250,29,289,575,18,1,195.6667,242
"MO","DFM Research","B/C",8,1,.7407694,-1.615385,1.615385,0,1.615385,4.755001,-9.510002,-9,-18.51,9.510002,9.51,4.014232,-7.894618,7.894618,1,234,102,240,240,223,37,280,564,113,1,195.6667,242
"MI","Mitchell Research & Communications","C-",11,9,-.5830827,-1.805833,1.657833,-.075,1.657834,3.401667,-6.803335,6.583333,-.22,6.803335,6.803333,3.98475,-4.997501,5.145501,0,111,89,245,245,137,78,232,508,243,248,199.6667,244
"CA","SurveyUSA","A",1,1,.4685717,2.5,2.5,0,2.5,4.495,8.99,21,29.99,8.99,-8.99,4.026428,6.49,6.49,1,212,246,275,275,208,315,270,23,113,1,200,245
"MN","SurveyUSA","A",1,1,.7175007,-1.875,1.875,0,1.875,4.495001,-8.990002,10.5,1.51,8.990002,8.99,3.7775,-7.115002,7.115002,1,233,86,256,256,209,45,271,554,113,1,200.6667,246
"NH","MassINC Polling Group","A/B",4,1,1.431667,5.788095,-3.311901,-.7142857,-3.311905,5.395,1.870003,-1.5,.37,1.870003,-1.87,3.963333,-3.918093,5.181904,0,268,299,27,27,252,268,63,163,309,248,201.3333,247
"NC","Siena College/The New York Times Upshot","A+",2,2,1.291731,-2.006538,1.648847,.0384615,1.648846,4.790001,-7.410004,3.75,-3.66,7.410004,7.41,3.49827,-5.403465,5.761157,.25,262,80,243,244,224,64,248,527,99,242,201.3333,247
"US","USC Dornsife/Los Angeles Times","B/C",8,3,-1.06,5.635641,1.205898,-.5448718,1.205897,2.656667,4.073334,-1.983333,2.09,4.073334,-4.073333,3.716667,-1.562308,2.867436,.3333333,78,297,224,224,88,296,141,88,304,241,202,249
"FL","Opinion Savvy/InsiderAdvantage","B-",7,3,-.5613889,-2.061111,.9927768,-.2638889,.9927776,2.311666,-4.623332,3.433333,-1.19,4.623332,4.623333,2.873055,-2.562221,3.630555,0,116,79,214,214,63,132,168,435,281,248,203.6667,250
"US","IBD/TIPP","A/B",4,4,.4395835,2.764808,-1.184936,-.3782051,-1.184936,4.15625,1.2025,.8875,2.09,1.6825,-1.2025,3.716667,-1.562308,2.867436,.5,207,250,104,104,188,256,58,186,301,232,204,251
"KS","SurveyUSA","A",1,1,.9799995,-3.75,1.959999,0,1.96,4.709999,-9.419998,-11,-20.42,9.419998,9.42,3.73,-5.669998,7.459999,1,246,35,259,259,220,38,279,563,113,1,206,252
"CO","University of Denver","B/C",8,1,1.483125,2.7775,1.65875,.03125,1.65875,5.455,4.41,.5,4.91,4.41,-4.41,3.971875,1.6325,2.75125,1,272,251,246,246,255,297,151,77,100,1,206,252
"US","GQR Research (GQRR)","B",5,1,1.238333,-8.347692,7.042564,.1217949,7.042564,4.955,-9.91,12,2.09,9.91,9.91,3.716667,-1.562308,2.867436,1,260,6,312,312,234,33,284,569,48,1,206.6667,254
"OK","SurveyMonkey","D-",14,2,.9999995,-1.999999,1.999999,0,2,6.195,-12.39,-24,-36.39,12.39,12.39,5.195,-10.39,10.39,1,247,84,262,260,280,19,301,589,113,1,207.3333,255
"PA","Quinnipiac University","B+",6,1,-.2855167,-1.704138,1.531724,-.0862069,1.533103,3.105,-6.209999,5.5,-.72,6.209999,6.22,3.390516,-4.505861,4.678275,0,142,96,232,232,112,94,216,488,250,248,208,256
"NC","Emerson College","A-",3,1,-.1682684,-1.256538,.8988466,-.2115385,.8988461,3.330002,-6.660004,3,-3.66,6.660004,6.66,3.49827,-5.403465,5.761157,0,150,110,208,208,130,82,227,503,268,248,208.6667,257
"NC","YouGov","B",5,1,-.1682684,-1.256538,.8988466,-.2115385,.8988461,3.330002,-6.660004,3,-3.66,6.660004,6.66,3.49827,-5.403465,5.761157,0,150,110,208,208,130,82,227,503,268,248,208.6667,257
"IA","Quinnipiac University","B+",6,1,.5628562,-3.685714,3.685714,0,3.685714,4.455,-8.91,-.5,-9.41,8.91,8.91,3.892144,-5.224286,5.224286,1,222,37,291,291,204,46,269,553,113,1,208.6667,257
"MA","Suffolk University","A",1,1,1.125,-2.75,2.150002,0,2.15,5.41,-4.800003,32,27.2,4.800003,4.8,4.285,-2.050003,2.650002,1,250,52,270,270,253,120,180,449,113,1,211,260
"MI","Emerson College","A-",3,1,-.3747494,-2.2225,2.0745,-.075,2.0745,3.610001,-7.220001,7,-.22,7.220001,7.22,3.98475,-4.997501,5.145501,0,132,74,267,267,155,66,247,525,243,248,214,261
"TX","Emerson College","A-",3,1,1.9075,7.532501,1.687501,0,1.6875,5.759998,5.720001,-14.7,-8.98,5.720001,-5.72,3.852499,-1.8125,4.0325,1,282,310,250,250,265,308,205,53,113,1,215,262
"CA","YouGov","B",5,1,.9685717,3.5,3.5,0,3.5,4.995,9.99,20,29.99,9.99,-9.99,4.026428,6.49,6.49,1,244,273,288,288,236,317,285,19,113,1,215,262
"US","GfK Group","B/C",8,1,1.988333,-9.847692,8.542564,.1217949,8.542564,5.705,-11.41,13.5,2.09,11.41,11.41,3.716667,-1.562308,2.867436,1,283,2,315,315,263,25,294,581,48,1,215.3333,264
"PA","Emerson College","A-",3,2,.4444828,-.7041378,.531724,-.0862069,.5331035,3.834999,-5.209999,4.5,-.72,5.209999,5.22,3.390516,-4.505861,4.678275,0,208,134,193,194,164,110,194,459,250,248,217,265
"UT","SurveyMonkey","D-",14,2,.9220834,-5.385834,4.999166,0,5.000834,7.44,-14.88,-3,-17.89,14.88,14.89,6.517916,-9.494165,9.880833,1,242,23,299,299,300,9,311,601,113,1,218,266
"US","Saint Leo University","C/D",12,1,2.758333,-7.447691,6.142563,.1217949,6.142564,6.475,-9.009998,11.1,2.09,9.009998,9.01,3.716667,-1.562308,2.867436,1,301,7,307,307,288,44,272,555,48,1,218.6667,267
"US","RAND (American Life Panel)","C/D",12,1,4.108334,-5.447695,4.142567,.1217949,4.142564,7.825001,-7.010002,9.1,2.09,7.010002,7.01,3.716667,-1.562308,2.867436,1,313,22,295,295,306,74,238,516,48,1,218.6667,267
"NC","Quinnipiac University","B+",6,3,-.0016018,-1.589872,1.23218,-.2115385,1.23218,3.496669,-6.993337,3.333333,-3.66,6.993337,6.993333,3.49827,-5.403465,5.761157,0,163,103,226,226,145,75,237,515,268,248,219,269
"FL","Public Policy Polling","B",5,1,-.2780554,-2.627778,1.559444,-.2638889,1.559444,2.594999,-5.189999,4,-1.19,5.189999,5.19,2.873055,-2.562221,3.630555,0,144,57,236,236,83,112,192,457,281,248,220.3333,270
"NC","Elon University","A/B",4,1,2.901729,.9434624,-1.301154,-.2115385,-1.301154,6.4,-4.460003,.8,-3.66,4.460003,4.46,3.49827,-5.403465,5.761157,0,303,208,99,99,286,141,156,418,268,248,223.3333,271
"FL","Florida Atlantic University","B/C",8,1,.3819444,-1.527779,.4594452,-.2638889,.4594445,3.254999,-4.09,2.9,-1.19,4.09,4.09,2.873055,-2.562221,3.630555,0,201,105,188,188,123,149,143,398,281,248,223.3333,271
"MO","SurveyMonkey","D-",14,2,1.490769,-3.115385,3.115385,0,3.115385,5.505001,-11.01,-7.5,-18.51,11.01,11.01,4.014232,-7.894618,7.894618,1,273,45,287,287,259,27,292,578,113,1,224.3333,273
"CO","University of Colorado","C/D",12,1,2.733125,-6.7225,2.33875,.03125,2.33875,6.705,-5.09,10,4.91,5.09,5.09,3.971875,1.6325,2.75125,1,299,13,274,274,292,115,190,455,100,1,224.3333,273
"VA","Roanoke College","B/C",8,2,2.095,-6.894737,5.151579,.0526316,5.151579,5.465,-8.18,13.5,5.32,8.18,8.18,3.37,-1.285263,3.028421,1,286,12,301,301,256,55,258,540,88,1,225,275
"NC","Lucid","D+",13,1,3.00173,.7434616,-1.101153,-.2115385,-1.101154,6.5,-4.660004,1,-3.66,4.660004,4.66,3.49827,-5.403465,5.761157,0,305,204,107,107,289,127,172,440,268,248,226.6667,276
"SD","Remington Research Group","C-",11,1,1.452,-4.8,4.8,0,4.8,9.395,-18.79,-11,-29.79,18.79,18.79,7.942999,-13.99,13.99,1,269,26,298,298,315,3,317,608,113,1,226.6667,276
"WI","Public Policy Polling","B",5,2,1.463461,-4.288462,4.288462,0,4.288462,5.135,-10.27,9.5,-.76,10.27,10.26,3.671539,-5.981539,5.981539,0,271,30,297,297,240,32,286,571,113,248,227,278
"CO","Gravis Marketing","C",9,2,-.0168753,2.7775,1.65875,-.21875,1.65875,3.955,4.41,.5,4.91,4.41,-4.41,3.971875,1.6325,2.75125,.75,161,251,246,247,176,297,151,77,279,226,228.6667,279
"IL","Loras College","B/C",8,1,2.2025,3.174998,3.054999,0,3.065,5.950001,5.779999,11.1,16.89,5.779999,-5.79,3.747501,2.605,2.724999,1,290,263,283,283,275,310,209,49,113,1,228.6667,279
"PA","SurveyMonkey","D-",14,2,.4444828,-1.704138,1.531724,-.0862069,1.533104,3.834999,-6.209999,5.5,-.72,6.209999,6.22,3.390516,-4.505861,4.678275,0,208,96,232,233,164,94,216,489,250,248,230,281
"NV","Insights West","B/C",8,1,1.863809,.5523809,-.5257151,-.1190476,-.5257142,4.709999,2.419998,0,2.42,2.419998,-2.42,2.84619,1.867617,2.945713,.5,281,194,145,145,220,278,87,138,264,232,230,281
"PA","YouGov","B",5,2,.6944828,-1.204138,1.031724,-.0862069,1.033104,4.084999,-5.709999,5,-.72,5.709999,5.72,3.390516,-4.505861,4.678275,0,231,112,216,216,185,104,204,475,250,248,232.3333,283
"NY","McLaughlin & Associates","C/D",12,1,1.792001,8,6.792001,0,6.792,5.745001,11.49,11,22.49,11.49,-11.49,3.953,3.490002,4.698,1,278,313,310,310,264,319,295,13,113,1,233.6667,284
"NC","Rasmussen Reports/Pulse Opinion Research","C+",10,4,.2492311,-2.006538,1.648847,-.2115385,1.648846,3.747501,-7.410004,3.75,-3.66,7.410004,7.41,3.49827,-5.403465,5.761157,0,193,80,243,243,162,64,248,527,268,248,234.6667,285
"GA","SurveyMonkey","D-",14,2,.5028119,-2.173125,1.159375,-.15625,1.164375,2.894999,-4.09,-1,-5.1,4.09,4.1,2.392187,-1.916875,2.930625,.75,217,75,220,220,106,149,143,399,267,226,234.6667,285
"US","Big Data Poll","F",15,4,.533334,4.602306,.1725633,-.6282051,.172564,4.250001,3.039999,-.95,2.09,3.039999,-3.04,3.716667,-1.562308,2.867436,.25,220,287,179,179,192,285,110,121,308,242,235.6667,287
"NV","Remington Research Group","C-",11,3,-.3028573,3.219048,2.140952,-.6190476,2.140953,2.543332,5.086665,-2.666667,2.42,5.086665,-5.086667,2.84619,1.867617,2.945713,0,138,266,269,269,81,304,189,67,305,248,237.3333,288
"LA","Market Research Insight","B/C",8,1,2.992857,-5.285714,5.182857,0,5.182858,8.77,-12.64,-7,-19.64,12.64,12.64,5.777143,-7.354285,7.457142,1,304,24,302,302,312,18,302,590,113,1,239.6667,289
"MO","Mason-Dixon Polling & Strategy","B+",6,1,2.740769,-5.615385,5.615385,0,5.615385,6.755001,-13.51,-5,-18.51,13.51,13.51,4.014232,-7.894618,7.894618,1,300,21,306,306,293,14,306,595,113,1,239.6667,289
"ID","Google Surveys","D+",13,1,2.704,-7.2,7.2,0,7.2,9.885,-19.77,-12,-31.76,19.77,19.76,7.181,-12.57,12.57,1,298,9,313,313,316,2,318,609,113,1,241.3333,291
"LA","Lucid","D+",13,1,2.542857,-9.285714,9.182858,0,9.182857,8.32,-16.64,-3,-19.64,16.64,16.64,5.777143,-7.354285,7.457142,1,295,3,317,317,309,5,315,606,113,1,241.6667,292
"OH","Suffolk University","A",1,1,.071388,-2.005,2.005,-.2222222,2.005,4.035,-8.07,0,-8.07,8.07,8.07,3.963612,-6.065,6.065,.5,184,82,264,264,182,57,256,538,280,232,242.6667,293
"AZ","Saguaro Strategies","C/D",12,2,-.29706,-3.5,2.5,-.7941176,2.5,2.5,-5,1.5,-3.5,5,5,2.79706,-1.5,2.5,0,139,39,275,275,78,117,187,452,316,248,243.3333,294
"MI","Marketing Resource Group (MRG)","B/C",8,1,4.65525,-.2224998,.0745001,-.075,.0745001,8.639999,-5.220001,5,-.22,5.220001,5.22,3.98475,-4.997501,5.145501,0,315,148,175,175,311,108,196,459,243,248,244.3333,295
"SD","Mason-Dixon Polling & Strategy","B+",6,1,3.452,-8.8,8.8,0,8.8,11.395,-22.79,-7,-29.79,22.79,22.79,7.942999,-13.99,13.99,1,310,5,316,316,318,1,319,610,113,1,246.3333,296
"KY","Google Surveys","D+",13,1,9.172,-6.679998,6.679998,0,6.68,16.1,-16.44,-13.4,-29.84,16.44,16.44,6.928,-9.76,9.76,1,318,15,309,309,319,6,314,604,113,1,246.6667,297
"PA","Muhlenberg College","A+",2,2,1.299482,-1.454138,1.281724,-.0862069,1.283103,4.689999,-5.959999,5.25,-.72,5.959999,5.97,3.390516,-4.505861,4.678275,0,263,107,227,227,219,100,211,481,250,248,246.6667,297
"PA","Siena College/The New York Times Upshot","A+",2,1,.4644833,-3.204138,3.031724,-.0862069,3.033103,3.855,-7.709999,7,-.72,7.709999,7.72,3.390516,-4.505861,4.678275,0,211,44,282,282,169,62,251,531,250,248,247.6667,299
"AZ","SurveyMonkey","D-",14,2,.2429409,-3,2,-.2941176,2,3.040001,-4.5,1,-3.5,4.5,4.5,2.79706,-1.5,2.5,.5,192,48,263,260,108,139,159,423,298,232,251,300
"MI","EPIC-MRA","B+",6,2,3.530249,-.9724998,.8245001,-.075,.8245001,7.514999,-5.970001,5.75,-.22,5.970001,5.97,3.98475,-4.997501,5.145501,0,312,121,206,206,303,99,212,481,243,248,253.6667,301
"FL","University of North Florida","A/B",4,1,2.131944,-1.627778,.5594437,-.2638889,.5594444,5.004999,-4.189999,3,-1.19,4.189999,4.19,2.873055,-2.562221,3.630555,0,287,99,197,197,237,145,148,407,281,248,255,302
"M2","University of New Hampshire","B-",7,1,.3400002,-2.100001,2.100001,-.3333333,2.1,7.314999,-13.89,3,-10.89,13.89,13.89,6.974998,-11.79,11.79,0,199,78,268,268,298,11,309,599,299,248,255.3333,303
"FL","Cherry Communications","B/C",8,1,1.131944,-2.627778,1.559444,-.2638889,1.559444,4.004999,-5.189999,4,-1.19,5.189999,5.19,2.873055,-2.562221,3.630555,0,253,57,236,236,179,112,192,457,281,248,256.6667,304
"FL","Associated Industries of Florida","B/C",8,1,2.631944,-1.627778,.5594437,-.2638889,.5594444,5.504999,-4.189999,3,-1.19,4.189999,4.19,2.873055,-2.562221,3.630555,0,296,99,197,197,258,145,148,407,281,248,258,305
"NC","SurveyMonkey","D-",14,2,.8317316,-3.256538,2.898847,-.2115385,2.898846,4.330002,-8.660004,5,-3.66,8.660004,8.66,3.49827,-5.403465,5.761157,0,237,42,279,279,198,49,266,549,268,248,261.3333,306
"VA","Hampton University","C/D",12,2,.97,6.105263,1.791578,-.4473684,1.791579,4.34,4.82,.5,5.32,4.82,-4.82,3.37,-1.285263,3.028421,.5,245,302,252,252,199,300,181,73,302,232,266.3333,307
"OH","Columbus Dispatch","B/C",8,1,.571388,-3.005,3.005,-.7222222,3.005,4.535,-9.07,1,-8.07,9.07,9.07,3.963612,-6.065,6.065,0,226,47,281,281,211,43,273,556,315,248,274,308
"NC","Marist College","A+",2,1,1.331732,-4.256538,3.898847,-.2115385,3.898846,4.830002,-9.660004,6,-3.66,9.660004,9.66,3.49827,-5.403465,5.761157,0,265,31,293,293,225,35,282,566,268,248,275.3333,309
"NV","Trafalgar Group","C-",11,1,.6638105,5.152383,4.074287,-.6190476,4.074286,3.51,7.02,-4.6,2.42,7.02,-7.02,2.84619,1.867617,2.945713,0,228,294,294,294,146,313,239,37,305,248,275.6667,310
"OH","Rasmussen Reports/Pulse Opinion Research","C+",10,4,1.131388,-3.505,3.505,-.4722222,3.505,5.095,-9.57,1.5,-8.07,9.57,9.57,3.963612,-6.065,6.065,.25,252,38,289,289,239,36,281,565,303,242,281.3333,311
"PA","Franklin & Marshall College","B/C",8,1,2.464483,-7.204138,7.031724,-.0862069,7.033104,5.855,-11.71,11,-.72,11.71,11.72,3.390516,-4.505861,4.678275,0,293,8,311,311,268,24,296,582,250,248,284.6667,312
"FL","TargetSmart/William & Mary","B/C",8,1,1.721945,-6.627778,5.559443,-.2638889,5.559444,4.594999,-9.189999,8,-1.19,9.189999,9.19,2.873055,-2.562221,3.630555,0,277,16,305,305,212,40,275,559,281,248,287.6667,313
"NV","CNN/Opinion Research Corp.","B+",6,1,1.363809,6.552381,5.474285,-.6190476,5.474286,4.209999,8.419998,-6,2.42,8.419998,-8.42,2.84619,1.867617,2.945713,0,267,306,304,304,190,314,261,28,305,248,292,314
"FL","Lucid","D+",13,1,3.131944,-4.627778,3.559444,-.2638889,3.559444,6.004999,-7.189999,6,-1.19,7.189999,7.19,2.873055,-2.562221,3.630555,0,306,28,290,290,276,67,246,524,281,248,292.3333,315
"FL","Saint Leo University","C/D",12,1,4.446945,-12.07778,11.00944,-.2638889,11.00945,7.32,-14.64,13.45,-1.19,14.64,14.64,2.873055,-2.562221,3.630555,0,314,1,318,318,299,10,310,600,281,248,304.3333,316
"GA","Lucid","D+",13,1,3.502812,-7.173125,6.159375,-.90625,6.164375,5.894999,-9.09,4,-5.1,9.09,9.1,2.392187,-1.916875,2.930625,0,311,10,308,308,271,42,274,558,318,248,312.3333,317
"AK","Craciun Research Group","B/C",8,1,3.39,-9,8.092,-.8,8.092,9.365,-18.73,4,-14.73,18.73,18.73,5.974999,-9.73,10.638,0,308,4,314,314,314,4,316,607,317,248,313,318
"","OpinionWorks","B/C",8,0,,,,,,,,,,,-3.065316,,,,,,,,,,,,120,,,,
"","Anderson Group","B/C",8,0,,,,,,,,,,,-10.89774,,,,,,,,,,,,15,,,,
"","Strategy Research","C/D",12,0,,,,,,,,,,,-8.653557,,,,,,,,,,,,25,,,,
"","Ward Research (Honolulu Star-Advertiser)","B/C",8,0,,,,,,,,,,,-1.378639,,,,,,,,,,,,181,,,,
"","National Journal","A/B",4,0,,,,,,,,,,,-.6262798,,,,,,,,,,,,211,,,,
"","RT Strategies","B/C",8,0,,,,,,,,,,,2.169605,,,,,,,,,,,,322,,,,
"","Pacific Market Research","B/C",8,0,,,,,,,,,,,-7.476832,,,,,,,,,,,,35,,,,
"","Jim Meader (KELOLAND-TV)","B/C",8,0,,,,,,,,,,,4.570554,,,,,,,,,,,,429,,,,
"","Constituent Dynamics","B/C",8,0,,,,,,,,,,,-1.938427,,,,,,,,,,,,157,,,,
"","Slingshot Strategies","C/D",12,0,,,,,,,,,,,9.285786,,,,,,,,,,,,562,,,,
"","Castleton University","A/B",4,0,,,,,,,,,,,,,,,,,,,,,,,,,,,
"","University of Washington","B/C",8,0,,,,,,,,,,,.3087684,,,,,,,,,,,,248,,,,
"","OnMessage Inc.","B/C",8,0,,,,,,,,,,,-4.998066,,,,,,,,,,,,68,,,,
"","Aspen Media & Market Research","B/C",8,0,,,,,,,,,,,-3.484238,,,,,,,,,,,,107,,,,
"","Orion Strategies","B/C",8,0,,,,,,,,,,,1.517614,,,,,,,,,,,,293,,,,
"","ccAdvertising","C/D",12,0,,,,,,,,,,,-5.732489,,,,,,,,,,,,52,,,,
"","Behavior Research Center (Rocky Mountain Poll)","A/B",4,0,,,,,,,,,,,.9671472,,,,,,,,,,,,273,,,,
"","East Tennessee State University","B/C",8,0,,,,,,,,,,,9.896891,,,,,,,,,,,,568,,,,
"","TP Research","C/D",12,0,,,,,,,,,,,-15.55398,,,,,,,,,,,,7,,,,
"","Public Religion Research Institute","A/B",4,0,,,,,,,,,,,.4381294,,,,,,,,,,,,251,,,,
"","AtlasIntel","B/C",8,0,,,,,,,,,,,,,,,,,,,,,,,,,,,
"","Sacred Heart University","B/C",8,0,,,,,,,,,,,-5.554104,,,,,,,,,,,,56,,,,
"","Targeted Persuasion","B/C",8,0,,,,,,,,,,,,,,,,,,,,,,,,,,,
"","RBI Strategies & Research","B/C",8,0,,,,,,,,,,,-.6817513,,,,,,,,,,,,209,,,,
"","1892 Polling","B/C",8,0,,,,,,,,,,,-.6050987,,,,,,,,,,,,212,,,,
"","University of Houston","B/C",8,0,,,,,,,,,,,,,,,,,,,,,,,,,,,
"","Momentum Analysis","B/C",8,0,,,,,,,,,,,5.726255,,,,,,,,,,,,476,,,,
"","Liberty Opinion Research","C/D",12,0,,,,,,,,,,,,,,,,,,,,,,,,,,,
"","Florida Poll","B/C",8,0,,,,,,,,,,,3.053146,,,,,,,,,,,,362,,,,
"","Diamond State Consulting Group","B/C",8,0,,,,,,,,,,,4.180752,,,,,,,,,,,,404,,,,
"","Fleming & Associates","A/B",4,0,,,,,,,,,,,-1.435957,,,,,,,,,,,,176,,,,
"","Lauer Johnson Research","B/C",8,0,,,,,,,,,,,13.81168,,,,,,,,,,,,598,,,,
"","Datamar","C/D",12,0,,,,,,,,,,,-2.772254,,,,,,,,,,,,128,,,,
"","Frank N. Magid Associates Inc.","B/C",8,0,,,,,,,,,,,4.659691,,,,,,,,,,,,439,,,,
"","Arizona State University","B/C",8,0,,,,,,,,,,,5.824471,,,,,,,,,,,,478,,,,
"","Gotham Research Group","B/C",8,0,,,,,,,,,,,-5.752628,,,,,,,,,,,,51,,,,
"","APC Research","B/C",8,0,,,,,,,,,,,2.534235,,,,,,,,,,,,337,,,,
"","Independent Market Research","B/C",8,0,,,,,,,,,,,5.303129,,,,,,,,,,,,464,,,,
"","GCR & Associates","C/D",12,0,,,,,,,,,,,,,,,,,,,,,,,,,,,
"","Jayhawk Consulting","C/D",12,0,,,,,,,,,,,37.6134,,,,,,,,,,,,612,,,,
"","New England College","B/C",8,0,,,,,,,,,,,-3.136625,,,,,,,,,,,,118,,,,
"","Crantford Research","B/C",8,0,,,,,,,,,,,2.462959,,,,,,,,,,,,332,,,,
"","University of Illinois at Chicago","A/B",4,0,,,,,,,,,,,-14.09694,,,,,,,,,,,,8,,,,
"","Val Smith","B/C",8,0,,,,,,,,,,,-8.513222,,,,,,,,,,,,26,,,,
"","Keating Research/OnSight Public Affairs/Melanson","B/C",8,0,,,,,,,,,,,-2.617046,,,,,,,,,,,,132,,,,
"","Cooper & Secrest","B/C",8,0,,,,,,,,,,,-2.640133,,,,,,,,,,,,131,,,,
"","Critical Insights","C/D",12,0,,,,,,,,,,,-.2346933,,,,,,,,,,,,227,,,,
"","Howey Politics/DePauw University","B/C",8,0,,,,,,,,,,,.588033,,,,,,,,,,,,257,,,,
"","Greg Smith and Associates","B/C",8,0,,,,,,,,,,,8.518379,,,,,,,,,,,,548,,,,
"","WPA Intelligence (WPAi)","B/C",8,0,,,,,,,,,,,-2.079605,,,,,,,,,,,,154,,,,
"","Dane & Associates","C/D",12,0,,,,,,,,,,,-21.20413,,,,,,,,,,,,2,,,,
"","Analytical Group","B/C",8,0,,,,,,,,,,,4.036057,,,,,,,,,,,,393,,,,
"","20/20 Insight","B/C",8,0,,,,,,,,,,,1.92977,,,,,,,,,,,,313,,,,
"","QEV Analytics","B/C",8,0,,,,,,,,,,,,,,,,,,,,,,,,,,,
"","Riggs Research Services","B/C",8,0,,,,,,,,,,,33.65323,,,,,,,,,,,,611,,,,
"","Rivercity Polling","B/C",8,0,,,,,,,,,,,-6.672058,,,,,,,,,,,,40,,,,
"","CJ&N","B/C",8,0,,,,,,,,,,,3.249939,,,,,,,,,,,,366,,,,
"","co/efficient","C/D",12,0,,,,,,,,,,,3.488388,,,,,,,,,,,,375,,,,
"","Field Research Corp. (Field Poll)","A/B",4,0,,,,,,,,,,,-2.451547,,,,,,,,,,,,135,,,,
"","Northern Arizona University","B/C",8,0,,,,,,,,,,,-3.331463,,,,,,,,,,,,111,,,,
"","ResearchNow","C/D",12,0,,,,,,,,,,,,,,,,,,,,,,,,,,,
"","Civiqs","B/C",8,0,,,,,,,,,,,,,,,,,,,,,,,,,,,
"","West Chester University","B/C",8,0,,,,,,,,,,,.989466,,,,,,,,,,,,274,,,,
"","MarketAide Services Inc.","B/C",8,0,,,,,,,,,,,11.21865,,,,,,,,,,,,579,,,,
"","Public Strategies Inc.","B/C",8,0,,,,,,,,,,,,,,,,,,,,,,,,,,,
"","University of Alabama at Birmingham","B/C",8,0,,,,,,,,,,,-12.01121,,,,,,,,,,,,11,,,,
"","Frederick Polls","B/C",8,0,,,,,,,,,,,-.5758095,,,,,,,,,,,,216,,,,
"","Princeton Survey Research Associates International","A/B",4,0,,,,,,,,,,,1.230408,,,,,,,,,,,,284,,,,
"","Opinion Research Associates","C/D",12,0,,,,,,,,,,,7.70856,,,,,,,,,,,,530,,,,
"","Riley Research Associates","B/C",8,0,,,,,,,,,,,-.60255,,,,,,,,,,,,213,,,,
"","St. Cloud State University","B/C",8,0,,,,,,,,,,,2.006537,,,,,,,,,,,,316,,,,
"","Virginia Commonwealth University","B/C",8,0,,,,,,,,,,,-1.925639,,,,,,,,,,,,158,,,,
"","University of Florida","A/B",4,0,,,,,,,,,,,1.077785,,,,,,,,,,,,278,,,,
"","Change Research","C-",11,0,,,,,,,,,,,1.55891,,,,,,,,,,,,296,,,,
"","Knowledge Networks","B/C",8,0,,,,,,,,,,,3.985739,,,,,,,,,,,,391,,,,
"","Star Tribune","B/C",8,0,,,,,,,,,,,5.082334,,,,,,,,,,,,454,,,,
"","SEA Polling & Strategic Design","B/C",8,0,,,,,,,,,,,2.17019,,,,,,,,,,,,324,,,,
"","Strategic Services","B/C",8,0,,,,,,,,,,,4.186407,,,,,,,,,,,,406,,,,
"","Winston Group","B/C",8,0,,,,,,,,,,,3.793798,,,,,,,,,,,,384,,,,
"","Personal Marketing Research","B/C",8,0,,,,,,,,,,,,,,,,,,,,,,,,,,,
"","Rice University","B/C",8,0,,,,,,,,,,,5.909691,,,,,,,,,,,,480,,,,
"","Harris Insights & Analytics","C",9,0,,,,,,,,,,,-1.52162,,,,,,,,,,,,172,,,,
"","Zogby Interactive/JZ Analytics","C+",10,0,,,,,,,,,,,-.7308909,,,,,,,,,,,,206,,,,
"","Arthur J. Finkelstein & Associates","B/C",8,0,,,,,,,,,,,-13.6675,,,,,,,,,,,,9,,,,
"","Target Insyght","C/D",12,0,,,,,,,,,,,-3.897408,,,,,,,,,,,,96,,,,
"","Elucd","C/D",12,0,,,,,,,,,,,,,,,,,,,,,,,,,,,
"","Lake Research Partners","B/C",8,0,,,,,,,,,,,2.414691,,,,,,,,,,,,331,,,,
"","Ohio State University","B/C",8,0,,,,,,,,,,,-3.677444,,,,,,,,,,,,100,,,,
"","Dittman Research","B/C",8,0,,,,,,,,,,,4.585627,,,,,,,,,,,,433,,,,
"","Baselice & Associates","B/C",8,0,,,,,,,,,,,10.02848,,,,,,,,,,,,570,,,,
"","Baydoun Consulting","C/D",12,0,,,,,,,,,,,-8.751011,,,,,,,,,,,,24,,,,
"","Cromer Group","B/C",8,0,,,,,,,,,,,-3.92738,,,,,,,,,,,,94,,,,
"","Concord Public Opinion Partners","B/C",8,0,,,,,,,,,,,,,,,,,,,,,,,,,,,
"","University of Massachusetts Amherst","B/C",8,0,,,,,,,,,,,-6.064766,,,,,,,,,,,,46,,,,
"","Global Strategy Group/National Research (Philadelphia Inquirer)","B/C",8,0,,,,,,,,,,,-2.669978,,,,,,,,,,,,130,,,,
"","Tulchin Research","B/C",8,0,,,,,,,,,,,-.839133,,,,,,,,,,,,200,,,,
"","Purple Strategies","B/C",8,0,,,,,,,,,,,-3.016041,,,,,,,,,,,,122,,,,
"","Benenson Strategy Group","B/C",8,0,,,,,,,,,,,3.826432,,,,,,,,,,,,385,,,,
"","Market Solutions Group","B/C",8,0,,,,,,,,,,,-.1338539,,,,,,,,,,,,233,,,,
"","BWD Global","C/D",12,0,,,,,,,,,,,-4.353764,,,,,,,,,,,,80,,,,
"","Diversified Research Inc","B/C",8,0,,,,,,,,,,,-4.99395,,,,,,,,,,,,69,,,,
"","Potomac Incorporated","B/C",8,0,,,,,,,,,,,-3.137205,,,,,,,,,,,,117,,,,
"","Fabrizio, Lee & Associates","B/C",8,0,,,,,,,,,,,2.091237,,,,,,,,,,,,320,,,,
"","Bannon Communications","B/C",8,0,,,,,,,,,,,10.37348,,,,,,,,,,,,573,,,,
"","DCCC Targeting and Analytics Department","B/C",8,0,,,,,,,,,,,4.450058,,,,,,,,,,,,417,,,,
"","Rutgers University","B/C",8,0,,,,,,,,,,,-.1466964,,,,,,,,,,,,231,,,,
"","Alabama State University","B/C",8,0,,,,,,,,,,,,,,,,,,,,,,,,,,,
"","Franklin Pierce University","B/C",8,0,,,,,,,,,,,4.465131,,,,,,,,,,,,420,,,,
"","Moore Information","B/C",8,0,,,,,,,,,,,-4.089754,,,,,,,,,,,,86,,,,
"","Data for Progress","B-",7,0,,,,,,,,,,,.2784719,,,,,,,,,,,,246,,,,
"","Kiley & Company","B/C",8,0,,,,,,,,,,,5.507708,,,,,,,,,,,,467,,,,
"","Abacus Associates","B/C",8,0,,,,,,,,,,,3.620579,,,,,,,,,,,,378,,,,
"","R.L. Repass & Partners","B/C",8,0,,,,,,,,,,,,,,,,,,,,,,,,,,,
"","Triumph Campaigns","C/D",12,0,,,,,,,,,,,-4.229019,,,,,,,,,,,,83,,,,
"","Swayable","D-",14,0,,,,,,,,,,,,,,,,,,,,,,,,,,,
"","SMS Research & Marketing Services Inc.","B/C",8,0,,,,,,,,,,,-5.936832,,,,,,,,,,,,47,,,,
"","High Point University","B/C",8,0,,,,,,,,,,,.0927773,,,,,,,,,,,,239,,,,
"","Ed Renwick/Loyola University New Orleans","B/C",8,0,,,,,,,,,,,5.293263,,,,,,,,,,,,463,,,,
"","Wiese Research Associates Inc.","B/C",8,0,,,,,,,,,,,5.372715,,,,,,,,,,,,465,,,,
"","Evan Falchuk and Lou DiNatale","B/C",8,0,,,,,,,,,,,,,,,,,,,,,,,,,,,
"","Clout Research/Wenzel Strategies","B/C",8,0,,,,,,,,,,,-5.525684,,,,,,,,,,,,58,,,,
"","Scripps Howard","B/C",8,0,,,,,,,,,,,-2.171664,,,,,,,,,,,,148,,,,
"","Ogden & Fry","B/C",8,0,,,,,,,,,,,-.2278366,,,,,,,,,,,,228,,,,
"","Central Surveys Inc.","B/C",8,0,,,,,,,,,,,1.667526,,,,,,,,,,,,304,,,,
"","TCJ Research","F",15,0,,,,,,,,,,,-5.58902,,,,,,,,,,,,54,,,,
"","Temple University","A/B",4,0,,,,,,,,,,,-2.450015,,,,,,,,,,,,136,,,,
"","Los Angeles Times","A/B",4,0,,,,,,,,,,,-.2988043,,,,,,,,,,,,226,,,,
"","Odney","B/C",8,0,,,,,,,,,,,2.059559,,,,,,,,,,,,317,,,,
"","Singularis Group","B/C",8,0,,,,,,,,,,,-.7985077,,,,,,,,,,,,202,,,,
"","Southern Opinion Research","B/C",8,0,,,,,,,,,,,.9132309,,,,,,,,,,,,270,,,,
"","Old Dominion University","B/C",8,0,,,,,,,,,,,4.480934,,,,,,,,,,,,422,,,,
"","Rainmaker Media Group","B/C",8,0,,,,,,,,,,,12.08992,,,,,,,,,,,,587,,,,
"","The Polling Company Inc.","B/C",8,0,,,,,,,,,,,-4.819779,,,,,,,,,,,,74,,,,
"","Brigham Young University","C/D",12,0,,,,,,,,,,,16.4659,,,,,,,,,,,,605,,,,
"","Belden Russonello","B/C",8,0,,,,,,,,,,,3.323767,,,,,,,,,,,,368,,,,
"","Overtime Politics","F",15,0,,,,,,,,,,,,,,,,,,,,,,,,,,,
"","TeleResearch Corporation","C/D",12,0,,,,,,,,,,,,,,,,,,,,,,,,,,,
"","Research Co.","B-",7,0,,,,,,,,,,,-1.067387,,,,,,,,,,,,192,,,,
"","MSR Group","B/C",8,0,,,,,,,,,,,3.467669,,,,,,,,,,,,373,,,,
"","A&A Research","B/C",8,0,,,,,,,,,,,-10.04304,,,,,,,,,,,,18,,,,
"","The Tyson Group","B/C",8,0,,,,,,,,,,,-.1351582,,,,,,,,,,,,232,,,,
"","Merrill Poll","B/C",8,0,,,,,,,,,,,,,,,,,,,,,,,,,,,
"","Decision Forecasting","B/C",8,0,,,,,,,,,,,-1.414775,,,,,,,,,,,,178,,,,
"","Missouri State University","B/C",8,0,,,,,,,,,,,4.114629,,,,,,,,,,,,401,,,,
"","TMR Research","B/C",8,0,,,,,,,,,,,7.871592,,,,,,,,,,,,532,,,,
"","Global Strategy Group","B/C",8,0,,,,,,,,,,,4.754085,,,,,,,,,,,,447,,,,
"","Hamilton Campaigns","B/C",8,0,,,,,,,,,,,5.602896,,,,,,,,,,,,471,,,,
"","Louisville Courier-Journal","B/C",8,0,,,,,,,,,,,-1.411285,,,,,,,,,,,,179,,,,
"","NRECA Market Research","B/C",8,0,,,,,,,,,,,6.26548,,,,,,,,,,,,490,,,,
"","Dynamic Marketing Inc.","B/C",8,0,,,,,,,,,,,3.018547,,,,,,,,,,,,359,,,,
"","Latino Decisions","B/C",8,0,,,,,,,,,,,,,,,,,,,,,,,,,,,
"","Strategic Research Associates","B/C",8,0,,,,,,,,,,,1.934787,,,,,,,,,,,,314,,,,
"","Talmey-Drake Research & Strategy Inc.","B/C",8,0,,,,,,,,,,,-1.745123,,,,,,,,,,,,166,,,,
"","Meredith College","B/C",8,0,,,,,,,,,,,,,,,,,,,,,,,,,,,
"","Polling Company/Global Strategy Group (Hotline Bullseye)","B/C",8,0,,,,,,,,,,,-4.285675,,,,,,,,,,,,81,,,,
"","IVR Polls","B/C",8,0,,,,,,,,,,,,,,,,,,,,,,,,,,,
"","Glover Park Group","B/C",8,0,,,,,,,,,,,-11.36288,,,,,,,,,,,,14,,,,
"","Wick Communications","B/C",8,0,,,,,,,,,,,2.835014,,,,,,,,,,,,354,,,,
"","Iona College","C/D",12,0,,,,,,,,,,,4.361198,,,,,,,,,,,,412,,,,
"","We Ask America","C",9,0,,,,,,,,,,,-1.553661,,,,,,,,,,,,170,,,,
"","BIGresearch","B/C",8,0,,,,,,,,,,,-1.889826,,,,,,,,,,,,162,,,,
"","Gordon S. Black Corp.","A/B",4,0,,,,,,,,,,,-6.357506,,,,,,,,,,,,44,,,,
"","Gonzales Research & Marketing Strategies Inc.","B/C",8,0,,,,,,,,,,,-2.113504,,,,,,,,,,,,150,,,,
"","Capital Survey Research Center","B/C",8,0,,,,,,,,,,,.5741072,,,,,,,,,,,,255,,,,
"","Jeffrey Stonecash","B/C",8,0,,,,,,,,,,,-8.441868,,,,,,,,,,,,27,,,,
"","Kimball Political Consulting","B/C",8,0,,,,,,,,,,,-8.09907,,,,,,,,,,,,31,,,,
"","Louis Harris & Associates","A/B",4,0,,,,,,,,,,,.8593788,,,,,,,,,,,,264,,,,
"","Victoria Research & Consulting","B/C",8,0,,,,,,,,,,,8.048267,,,,,,,,,,,,537,,,,
"","Optimus","B/C",8,0,,,,,,,,,,,-3.948825,,,,,,,,,,,,92,,,,
"","Indiana University-Purdue University Fort Wayne","C/D",12,0,,,,,,,,,,,,,,,,,,,,,,,,,,,
"","AFL-CIO","B/C",8,0,,,,,,,,,,,-3.849567,,,,,,,,,,,,98,,,,
"","RMG Research","B/C",8,0,,,,,,,,,,,,,,,,,,,,,,,,,,,
"","Massie & Associates","B/C",8,0,,,,,,,,,,,-23.97669,,,,,,,,,,,,1,,,,
"","Great Lakes Strategies Group","C/D",12,0,,,,,,,,,,,-7.535126,,,,,,,,,,,,34,,,,
"","Garin-Hart-Yang Research Group","B/C",8,0,,,,,,,,,,,3.227203,,,,,,,,,,,,365,,,,
"","OnPoint","B/C",8,0,,,,,,,,,,,1.638018,,,,,,,,,,,,303,,,,
"","East Carolina University","B/C",8,0,,,,,,,,,,,,,,,,,,,,,,,,,,,
"","SocialSphere","B/C",8,0,,,,,,,,,,,-6.139069,,,,,,,,,,,,45,,,,
"","Clarus Research Group","B/C",8,0,,,,,,,,,,,4.054614,,,,,,,,,,,,394,,,,
"","NPR","B/C",8,0,,,,,,,,,,,.9063733,,,,,,,,,,,,268,,,,
"","OurProgress (The Progress Campaign)","F",15,0,,,,,,,,,,,,,,,,,,,,,,,,,,,
"","McKeon & Associates","B/C",8,0,,,,,,,,,,,3.034235,,,,,,,,,,,,360,,,,
"","St. Norbert College","A/B",4,0,,,,,,,,,,,.9412575,,,,,,,,,,,,272,,,,
"","Normington, Petts & Associates","B/C",8,0,,,,,,,,,,,2.671361,,,,,,,,,,,,341,,,,
"","Market Decisions","B/C",8,0,,,,,,,,,,,-.951437,,,,,,,,,,,,194,,,,
"","Marshall Marketing & Communications","B/C",8,0,,,,,,,,,,,-2.931725,,,,,,,,,,,,125,,,,
"","Victory Enterprises","B/C",8,0,,,,,,,,,,,-17.34019,,,,,,,,,,,,4,,,,
"","Financial Dynamics","B/C",8,0,,,,,,,,,,,-1.734201,,,,,,,,,,,,167,,,,
"","Neighbor","B/C",8,0,,,,,,,,,,,-17.09513,,,,,,,,,,,,5,,,,
"","Richard Day Research Inc.","B/C",8,0,,,,,,,,,,,-2.870826,,,,,,,,,,,,126,,,,
"","Yankelovich Partners Inc.","A/B",4,0,,,,,,,,,,,-.993852,,,,,,,,,,,,193,,,,
"","Schoen Consulting","B/C",8,0,,,,,,,,,,,-2.262367,,,,,,,,,,,,145,,,,
"","Multi-Quest International","B/C",8,0,,,,,,,,,,,.8766441,,,,,,,,,,,,266,,,,
"","Pan Atlantic Research","B/C",8,0,,,,,,,,,,,2.694362,,,,,,,,,,,,346,,,,
"","WCIA-TV","B/C",8,0,,,,,,,,,,,-18.26348,,,,,,,,,,,,3,,,,
"","Alaska Survey Research","B/C",8,0,,,,,,,,,,,7.083857,,,,,,,,,,,,520,,,,
"N2","North Star Opinion Research/Ayres, McHenry & Associates","A/B",4,1,,,,,,4.039999,1.759998,-4,-2.24,1.759998,-1.76,4.039999,1.759998,1.759998,1,,,,,183,267,61,165,,1,,
"","Pharos Research Group","F",15,0,,,,,,,,,,,1.608274,,,,,,,,,,,,301,,,,
"","Hays Research Group","B/C",8,0,,,,,,,,,,,11.91941,,,,,,,,,,,,586,,,,
"","Pasquines","B/C",8,0,,,,,,,,,,,,,,,,,,,,,,,,,,,
"","Minnesota State University Moorhead","B/C",8,0,,,,,,,,,,,6.185349,,,,,,,,,,,,487,,,,
"","Iowa State University","B/C",8,0,,,,,,,,,,,,,,,,,,,,,,,,,,,
"","Indiana University","A/B",4,0,,,,,,,,,,,.8688736,,,,,,,,,,,,265,,,,
"","Wirthlin Worldwide","A/B",4,0,,,,,,,,,,,-3.889849,,,,,,,,,,,,97,,,,
"","CSP Polling","F",15,0,,,,,,,,,,,2.565666,,,,,,,,,,,,338,,,,
"","New Mexico State University","B/C",8,0,,,,,,,,,,,,,,,,,,,,,,,,,,,
"","Michigan State University","A/B",4,0,,,,,,,,,,,-.5363655,,,,,,,,,,,,218,,,,
"","Vox Populi Polling","B/C",8,0,,,,,,,,,,,.6845245,,,,,,,,,,,,260,,,,
"","Fairleigh Dickinson University (PublicMind)","A/B",4,0,,,,,,,,,,,.0658472,,,,,,,,,,,,236,,,,
"","Tarrance Group","B/C",8,0,,,,,,,,,,,-2.43932,,,,,,,,,,,,137,,,,
"","Red Sea Communications","B/C",8,0,,,,,,,,,,,-4.371876,,,,,,,,,,,,79,,,,
"","Lauer Lalley Victoria Inc.","B/C",8,0,,,,,,,,,,,-1.658951,,,,,,,,,,,,168,,,,
"","PSB Research","B/C",8,0,,,,,,,,,,,6.962521,,,,,,,,,,,,513,,,,
"","Brown University","C/D",12,0,,,,,,,,,,,-2.166724,,,,,,,,,,,,149,,,,
"","University of Nevada Las Vegas","B/C",8,0,,,,,,,,,,,,,,,,,,,,,,,,,,,
"","CPEC","C/D",12,0,,,,,,,,,,,,,,,,,,,,,,,,,,,
"","Spry Strategies","B/C",8,0,,,,,,,,,,,-5.427866,,,,,,,,,,,,64,,,,
"","Mellman Group","B/C",8,0,,,,,,,,,,,4.420607,,,,,,,,,,,,416,,,,
"","Dartmouth College","B/C",8,0,,,,,,,,,,,,,,,,,,,,,,,,,,,
"","Midwest Survey and Research","B/C",8,0,,,,,,,,,,,-1.126311,,,,,,,,,,,,190,,,,
"","Neighborhood Research and Media","B/C",8,0,,,,,,,,,,,-3.424812,,,,,,,,,,,,108,,,,
"","Victory Research","B/C",8,0,,,,,,,,,,,.3407173,,,,,,,,,,,,249,,,,
"","Beacon Research","B/C",8,0,,,,,,,,,,,,,,,,,,,,,,,,,,,
"","Big Ten","B/C",8,0,,,,,,,,,,,4.257673,,,,,,,,,,,,411,,,,
"","Blum & Weprin Associates","A/B",4,0,,,,,,,,,,,-3.370722,,,,,,,,,,,,109,,,,
"","University of Texas at Tyler","B/C",8,0,,,,,,,,,,,-4.066957,,,,,,,,,,,,89,,,,
"","University of South Alabama","B/C",8,0,,,,,,,,,,,-2.57347,,,,,,,,,,,,133,,,,
"","David Binder Research","B/C",8,0,,,,,,,,,,,,,,,,,,,,,,,,,,,
"","Morningside College","B/C",8,0,,,,,,,,,,,,,,,,,,,,,,,,,,,
"","Gallup","B",5,0,,,,,,,,,,,-.747008,,,,,,,,,,,,204,,,,
"","Consumer Logic","B/C",8,0,,,,,,,,,,,5.437164,,,,,,,,,,,,466,,,,
"","TargetPoint","B/C",8,0,,,,,,,,,,,,,,,,,,,,,,,,,,,
"","Marketing Workshop","B/C",8,0,,,,,,,,,,,1.579778,,,,,,,,,,,,298,,,,
"","Opinion Consultants","B/C",8,0,,,,,,,,,,,-6.620243,,,,,,,,,,,,41,,,,
"","Georgetown University (Battleground)","A/B",4,0,,,,,,,,,,,-1.361521,,,,,,,,,,,,183,,,,
"","University of Connecticut","A/B",4,0,,,,,,,,,,,-2.301144,,,,,,,,,,,,143,,,,
"","Cole Hargrave Snodgrass & Associates","B/C",8,0,,,,,,,,,,,3.437129,,,,,,,,,,,,372,,,,
"","MarblePort","C/D",12,0,,,,,,,,,,,-5.559763,,,,,,,,,,,,55,,,,
"","Strategic Vision LLC","F",15,0,,,,,,,,,,,-2.184655,,,,,,,,,,,,147,,,,
"","Public Opinion Strategies/Hamilton Campaigns (Texas Credit Union League)","B/C",8,0,,,,,,,,,,,,,,,,,,,,,,,,,,,
"","Ethridge & Associates LLC","B/C",8,0,,,,,,,,,,,-.7155736,,,,,,,,,,,,207,,,,
"","Ohio University","B/C",8,0,,,,,,,,,,,8.762251,,,,,,,,,,,,550,,,,
"","Research 2000","F",15,0,,,,,,,,,,,1.542268,,,,,,,,,,,,295,,,,
"","Basswood Research","B/C",8,0,,,,,,,,,,,-13.04818,,,,,,,,,,,,10,,,,
"","Fox News/Opinion Dynamics Corp.","A/B",4,0,,,,,,,,,,,-.9075779,,,,,,,,,,,,197,,,,
"","Data West Polling","B/C",8,0,,,,,,,,,,,13.09589,,,,,,,,,,,,594,,,,
"","Ron Lester and Associates","B/C",8,0,,,,,,,,,,,,,,,,,,,,,,,,,,,
"","University of Iowa","B/C",8,0,,,,,,,,,,,-6.610149,,,,,,,,,,,,42,,,,
"","ASA Marketing Group","B/C",8,0,,,,,,,,,,,5.537537,,,,,,,,,,,,468,,,,
"","University of California, Berkeley","C/D",12,0,,,,,,,,,,,-5.897057,,,,,,,,,,,,48,,,,
"","Valley Research","B/C",8,0,,,,,,,,,,,2.351104,,,,,,,,,,,,328,,,,
"","Market Shares Corp.","A/B",4,0,,,,,,,,,,,-4.088943,,,,,,,,,,,,87,,,,
"","Park Street Strategies","B/C",8,0,,,,,,,,,,,,,,,,,,,,,,,,,,,
"","Blumenthal Research Daily","F",15,0,,,,,,,,,,,-1.797262,,,,,,,,,,,,164,,,,
"","Illinois Wesleyan University","B/C",8,0,,,,,,,,,,,-8.178093,,,,,,,,,,,,30,,,,
"","Canisius College","B/C",8,0,,,,,,,,,,,,,,,,,,,,,,,,,,,
"","Schapiro Group","B/C",8,0,,,,,,,,,,,,,,,,,,,,,,,,,,,
"","Master Image","B/C",8,0,,,,,,,,,,,,,,,,,,,,,,,,,,,
"","California State University, Bakersfield","B/C",8,0,,,,,,,,,,,-9.853497,,,,,,,,,,,,21,,,,
"","SSRS","B/C",8,0,,,,,,,,,,,2.875015,,,,,,,,,,,,355,,,,
"","Voter/Consumer Research","B/C",8,0,,,,,,,,,,,-.0076157,,,,,,,,,,,,234,,,,
"","Lincoln Institute","B/C",8,0,,,,,,,,,,,-4.131435,,,,,,,,,,,,84,,,,
"","Harper Polling/Clarity Campaign Labs","B/C",8,0,,,,,,,,,,,6.988388,,,,,,,,,,,,514,,,,
"","War Room Logistics","B/C",8,0,,,,,,,,,,,,,,,,,,,,,,,,,,,
"","MRG Research","B/C",8,0,,,,,,,,,,,-5.506622,,,,,,,,,,,,59,,,,
"","Manhattanville College","B/C",8,0,,,,,,,,,,,-8.190769,,,,,,,,,,,,29,,,,
"","Richmond Times-Dispatch","B/C",8,0,,,,,,,,,,,2.918397,,,,,,,,,,,,356,,,,
"","Meeting Street Research","B/C",8,0,,,,,,,,,,,2.645487,,,,,,,,,,,,340,,,,
"","Rhode Island College","B/C",8,0,,,,,,,,,,,-1.530593,,,,,,,,,,,,171,,,,
"","Hickman Analytics","B/C",8,0,,,,,,,,,,,9.088421,,,,,,,,,,,,557,,,,
"","University of Tennessee","B/C",8,0,,,,,,,,,,,-2.700893,,,,,,,,,,,,129,,,,
"","JMC Analytics/Bold Blue Campaigns","B/C",8,0,,,,,,,,,,,-5.528593,,,,,,,,,,,,57,,,,
"","Baldwin Wallace University","C/D",12,0,,,,,,,,,,,8.304094,,,,,,,,,,,,544,,,,
"","Becker Institute","B/C",8,0,,,,,,,,,,,6.870791,,,,,,,,,,,,511,,,,
"","American Viewpoint","B/C",8,0,,,,,,,,,,,-3.546554,,,,,,,,,,,,104,,,,
"","Edgewater Research/My People Vote","B/C",8,0,,,,,,,,,,,-.6651917,,,,,,,,,,,,210,,,,
"","Market Strategies International","A/B",4,0,,,,,,,,,,,-1.123138,,,,,,,,,,,,191,,,,
"","Lycoming College","B/C",8,0,,,,,,,,,,,7.268064,,,,,,,,,,,,526,,,,
"","Carroll Strategies","C/D",12,0,,,,,,,,,,,-9.879276,,,,,,,,,,,,20,,,,
"","CrossTarget","C/D",12,0,,,,,,,,,,,-7.735821,,,,,,,,,,,,32,,,,
"","Clemson University","B/C",8,0,,,,,,,,,,,-16.6706,,,,,,,,,,,,6,,,,
"","University of Wisconsin-Milwaukee","B/C",8,0,,,,,,,,,,,-3.536493,,,,,,,,,,,,105,,,,
"","Forward Strategies","B/C",8,0,,,,,,,,,,,1.302843,,,,,,,,,,,,287,,,,
"","Targoz Market Research","C/D",12,0,,,,,,,,,,,6.054074,,,,,,,,,,,,484,,,,
"","GaPundit.com","C/D",12,0,,,,,,,,,,,8.25561,,,,,,,,,,,,542,,,,
"","Vox Populi Communications","B/C",8,0,,,,,,,,,,,,,,,,,,,,,,,,,,,
"","Zata3","C/D",12,0,,,,,,,,,,,-4.252895,,,,,,,,,,,,82,,,,
"","University of Georgia","B/C",8,0,,,,,,,,,,,-4.095423,,,,,,,,,,,,85,,,,
"","Harvard University","A/B",4,0,,,,,,,,,,,6.831284,,,,,,,,,,,,509,,,,
"","Ciruli Associates","A/B",4,0,,,,,,,,,,,-2.093067,,,,,,,,,,,,152,,,,
"","Hoffman Research Group","B/C",8,0,,,,,,,,,,,-5.245321,,,,,,,,,,,,66,,,,
"","Marketing Research Institute","B/C",8,0,,,,,,,,,,,-7.400963,,,,,,,,,,,,36,,,,
"","Millersville University","B/C",8,0,,,,,,,,,,,-10.47302,,,,,,,,,,,,17,,,,
"","Baruch College","B/C",8,0,,,,,,,,,,,,,,,,,,,,,,,,,,,
"","Humphrey Institute","C/D",12,0,,,,,,,,,,,3.786312,,,,,,,,,,,,383,,,,
"","Florida Chamber of Commerce","B/C",8,0,,,,,,,,,,,1.192806,,,,,,,,,,,,282,,,,
"","KG Polling","F",15,0,,,,,,,,,,,2.170063,,,,,,,,,,,,323,,,,
"","Montana State University Billings","B/C",8,0,,,,,,,,,,,2.962621,,,,,,,,,,,,357,,,,
"","Glengariff Group","B/C",8,0,,,,,,,,,,,1.260735,,,,,,,,,,,,285,,,,
"","Thirty-Ninth Street Strategies","B/C",8,0,,,,,,,,,,,-2.029549,,,,,,,,,,,,155,,,,
"","Florida International University/Univision","B/C",8,0,,,,,,,,,,,1.801552,,,,,,,,,,,,308,,,,
"","Market Trends Pacific","B/C",8,0,,,,,,,,,,,4.543716,,,,,,,,,,,,427,,,,
"","Univision/University of Houston/Latino Decisions","B/C",8,0,,,,,,,,,,,,,,,,,,,,,,,,,,,
"","West Virginia Research Center","B/C",8,0,,,,,,,,,,,6.446526,,,,,,,,,,,,496,,,,
"","Tulsa Surveys","B/C",8,0,,,,,,,,,,,-11.89713,,,,,,,,,,,,12,,,,
"","Hellenthal & Associates","B/C",8,0,,,,,,,,,,,4.361601,,,,,,,,,,,,413,,,,
"","M4 Strategies","B/C",8,0,,,,,,,,,,,-3.093287,,,,,,,,,,,,119,,,,
"","Probolsky Research","B/C",8,0,,,,,,,,,,,-7.701846,,,,,,,,,,,,33,,,,
"","ALG Research","B/C",8,0,,,,,,,,,,,4.559138,,,,,,,,,,,,428,,,,
"","GBAO","B/C",8,0,,,,,,,,,,,.0023359,,,,,,,,,,,,235,,,,
"","Rossman Group","C/D",12,0,,,,,,,,,,,4.211342,,,,,,,,,,,,410,,,,
"","Zimmerman & Associates/Marketing Intelligence","B/C",8,0,,,,,,,,,,,3.219368,,,,,,,,,,,,364,,,,
"","CallFire","B/C",8,0,,,,,,,,,,,-3.931188,,,,,,,,,,,,93,,,,
"","University of Wisconsin (Badger Poll)","B/C",8,0,,,,,,,,,,,4.146765,,,,,,,,,,,,403,,,,
"","OH Predictive Insights","B/C",8,0,,,,,,,,,,,-5.448207,,,,,,,,,,,,63,,,,
"","RMS Research","B/C",8,0,,,,,,,,,,,-2.295712,,,,,,,,,,,,144,,,,
"","National Research Inc.","A/B",4,0,,,,,,,,,,,-3.302748,,,,,,,,,,,,113,,,,
"","Harstad Strategic Research Inc.","B/C",8,0,,,,,,,,,,,2.642896,,,,,,,,,,,,339,,,,
"","Research America Inc.","B/C",8,0,,,,,,,,,,,1.690125,,,,,,,,,,,,306,,,,
"","Point Blank Political","C/D",12,0,,,,,,,,,,,,,,,,,,,,,,,,,,,
"","Market Research Institute Inc.","B/C",8,0,,,,,,,,,,,.6328947,,,,,,,,,,,,258,,,,
"","Mason Strategies","B/C",8,0,,,,,,,,,,,1.922321,,,,,,,,,,,,312,,,,
"","HighGround Inc.","B/C",8,0,,,,,,,,,,,-4.441872,,,,,,,,,,,,76,,,,
"","McCulloch Research & Polling","B/C",8,0,,,,,,,,,,,-5.504429,,,,,,,,,,,,60,,,,
"","New Frontier Strategy","C/D",12,0,,,,,,,,,,,,,,,,,,,,,,,,,,,
"","Forman Center","B/C",8,0,,,,,,,,,,,11.00487,,,,,,,,,,,,577,,,,
"","Glascock Group","C/D",12,0,,,,,,,,,,,3.39821,,,,,,,,,,,,369,,,,
"","IMGE Insights","B/C",8,0,,,,,,,,,,,-6.429565,,,,,,,,,,,,43,,,,
"","Southeastern Louisiana University","B/C",8,0,,,,,,,,,,,.448915,,,,,,,,,,,,253,,,,
"","Feldman Group","B/C",8,0,,,,,,,,,,,4.127989,,,,,,,,,,,,402,,,,
"","Mercyhurst University","B/C",8,0,,,,,,,,,,,-.7379532,,,,,,,,,,,,205,,,,
"","Revily","B/C",8,0,,,,,,,,,,,-.4745121,,,,,,,,,,,,220,,,,
"","Middle Tennessee State University","A/B",4,0,,,,,,,,,,,4.584004,,,,,,,,,,,,432,,,,
"","Douglas Fulmer & Associates","B/C",8,0,,,,,,,,,,,,,,,,,,,,,,,,,,,
"","Strategies 360","B/C",8,0,,,,,,,,,,,-.5622568,,,,,,,,,,,,217,,,,
"","PSI","B/C",8,0,,,,,,,,,,,-3.314999,,,,,,,,,,,,112,,,,
"","Grove Insight","A/B",4,0,,,,,,,,,,,1.088399,,,,,,,,,,,,279,,,,
"","KRC/Communications Research","A/B",4,0,,,,,,,,,,,.7251809,,,,,,,,,,,,263,,,,
"","St. Pete Polls","C",9,0,,,,,,,,,,,-.9204543,,,,,,,,,,,,195,,,,
"","FM3 Research","B/C",8,0,,,,,,,,,,,5.540864,,,,,,,,,,,,469,,,,
"","ROI Rocket","B/C",8,0,,,,,,,,,,,,,,,,,,,,,,,,,,,
"","University of Maryland","B/C",8,0,,,,,,,,,,,6.640072,,,,,,,,,,,,502,,,,
"","University of North Carolina","B/C",8,0,,,,,,,,,,,1.608555,,,,,,,,,,,,302,,,,
"","University of Cincinnati (Ohio Poll)","A/B",4,0,,,,,,,,,,,-3.209825,,,,,,,,,,,,115,,,,
"","Hill Research Consultants","B/C",8,0,,,,,,,,,,,-3.666228,,,,,,,,,,,,101,,,,
